
> @pacman/web@ e2e /Users/xmon/.herdr/worktrees/pacman/hp-pacman-t-0286-1157-resourceshell-link-15/apps/web
> playwright test

[WebServer] [plugin builtin:vite-reporter] 
[WebServer] (!) Some chunks are larger than 500 kB after minification. Consider:
[WebServer] - Using dynamic import() to code-split the application
[WebServer] - Use build.rolldownOptions.output.codeSplitting to improve chunking: https://rolldown.rs/reference/OutputOptions.codeSplitting
[WebServer] - Adjust chunk size limit for this warning via build.chunkSizeWarningLimit.

Running 906 tests using 4 workers

  ✓    1 e2e/accent-typo.spec.ts:29:3 › font baseline: body 400, card title 500, var font really loaded (light) (840ms)
  ✓    2 e2e/account-team-cleanse.spec.ts:30:1 › account: 退出登录 / 删除 / 更换 removed (avatar stays) (862ms)
  ✓    4 e2e/agent-create-model.spec.ts:113:1 › 无候选：报告警行并给「配置服务商」外链，两级选择器都不出 (1.0s)
  ✓    5 e2e/accent-typo.spec.ts:51:3 › empty-state headline rides the registry EmptyTitle tier (light) (404ms)
  ✓    3 e2e/account-controls.spec.ts:47:1 › 改名：名称行有真按钮载体，点进编辑态预填聚焦，Enter 提交落行（R1–R4） (1.3s)
  ✓    6 e2e/account-team-cleanse.spec.ts:43:1 › account switch: default permission renders off; click requests and grants (481ms)
  ✓    7 e2e/agent-create-model.spec.ts:123:1 › 有候选：不出告警行，出两级选择器且模型级先禁用 (616ms)
  ✓    8 e2e/accent-typo.spec.ts:62:3 › sidebar header carries the Pacman brand mark + name (light) (416ms)
  ✓   10 e2e/account-team-cleanse.spec.ts:55:1 › account switch: granted permission renders checked without a click (556ms)
  ✓    9 e2e/account-controls.spec.ts:80:1 › 改名：Esc 取消不误提交；空串与纯空白名不提交（R5/R6） (706ms)
  ✓   13 e2e/account-team-cleanse.spec.ts:65:1 › account switch: denied 态点击落偏好开档 + 拦截解释（#1031 语义改写） (505ms)
  ✓   12 e2e/accent-typo.spec.ts:92:3 › resources back chevron hover shows no background change (light) (919ms)
  ✓   11 e2e/agent-create-model.spec.ts:131:1 › 一级列运行时与内置清空行，二级只列所选运行时的模型（pi 段不泄漏） (1.2s)
  ✓   15 e2e/account-team-cleanse.spec.ts:80:1 › team: 设置 routes to the account surface (520ms)
  ✓   14 e2e/account-controls.spec.ts:101:1 › 改名 live：提交发 PATCH /api/user/me、刷新后仍是新名、失败有 toast 点名（R7–R9） (1.2s)
  ✓   16 e2e/accent-typo.spec.ts:108:3 › the sidebar collapse toggle shows no hover face (light) (861ms)
  ✓   18 e2e/account-team-cleanse.spec.ts:87:1 › team: chart tab swaps to the org chart, persists, and returns (576ms)
  ✓   17 e2e/agent-create-model.spec.ts:157:1 › 模型行只出模型名：不带 provider 徽标、不编造上下文窗口数字 (845ms)
  ✓   19 e2e/account-controls.spec.ts:153:1 › 开关：granted 态能关掉、关档随刷新持久、能再开回来（S1/S2） (622ms)
  ✓   21 e2e/agent-delete.spec.ts:32:1 › 概览页脚有删除入口，点开二次确认（canon 原文逐字） (567ms)
  ✓   23 e2e/account-controls.spec.ts:174:1 › 开关：denied 态开出偏好档 + 拦截解释、关得掉，两档都随刷新持久（S3/S4） (677ms)
  ✓   22 e2e/agent-create-model.spec.ts:177:1 › 创建弹窗：两级菜单整块落在视口内（几何） (744ms)
  ✓   20 e2e/accent-typo.spec.ts:134:3 › the sidebar toggles hold face and geometry while pressed (light) (1.1s)
  ✓   24 e2e/agent-delete.spec.ts:53:1 › 入口只在概览 tab：记忆 / 权限 tab 不渲染 (489ms)
  ✓   27 e2e/accent-typo.spec.ts:29:3 › font baseline: body 400, card title 500, var font really loaded (dark) (302ms)
  ✓   25 e2e/account-controls.spec.ts:203:1 › 开关：default 态开出驱动 requestPermission，granted 落定后开档持久（S5） (473ms)
  ✓   29 e2e/accent-typo.spec.ts:51:3 › empty-state headline rides the registry EmptyTitle tier (dark) (496ms)
  ✓   30 e2e/account-controls.spec.ts:220:1 › 开关 fixture 面：scenario 可冻 denied——关态起步、点开出拦截解释；13 基线仍开（S6） (709ms)
  ✓   26 e2e/agent-create-model.spec.ts:223:1 › 模型很多：选过运行时后菜单不越出视口，首行可点，40 行一个不少 (1.2s)
  ✓   31 e2e/accent-typo.spec.ts:62:3 › sidebar header carries the Pacman brand mark + name (dark) (406ms)
  ✓   34 e2e/accent-typo.spec.ts:92:3 › resources back chevron hover shows no background change (dark) (1.2s)
  ✓   32 e2e/account-controls.spec.ts:249:1 › 探针：帐号卡内每个控件点击都有可观察效果（P1，不只验改名与开关两个） (1.3s)
  ✓   28 e2e/agent-delete.spec.ts:64:1 › 家族律关闭：取消 / X / Esc / backdrop —— 不删不跳 (2.4s)
  ✓   33 e2e/agent-create-model.spec.ts:256:1 › 选齐运行时与模型后提交，POST body 带 provider 与 modelId (1.4s)
  ✓   36 e2e/agent-detail.spec.ts:65:1 › 团队页的 Agent 卡是链接，点击落到详情路由 (432ms)
  ✓   35 e2e/accent-typo.spec.ts:108:3 › the sidebar collapse toggle shows no hover face (dark) (729ms)
  ✓   39 e2e/agent-detail.spec.ts:73:1 › 详情路由直链可打开，不落 catch-all (440ms)
  ✓   37 e2e/agent-delete.spec.ts:89:1 › 确认删除 → 落团队页，被删卡消失、邻居卡还在 (806ms)
  ✓   38 e2e/agent-create-model.spec.ts:275:1 › 只选运行时提交：body 带 provider、modelId 为 null（半态不丢字段） (1.1s)
  ✓   41 e2e/agent-detail.spec.ts:82:1 › 三 tab 齐在，概览默认选中，点记忆切内容 (646ms)
  ✓   42 e2e/agent-delete.spec.ts:102:1 › 会话内回退到详情路由落「找不到该 Agent」态，不白屏 (813ms)
  ✓   40 e2e/accent-typo.spec.ts:134:3 › the sidebar toggles hold face and geometry while pressed (dark) (1.2s)
  ✓   44 e2e/agent-detail.spec.ts:97:1 › 概览：名称行内编辑提交后回显新值 (393ms)
  ✓   45 e2e/agent-identity-chip.spec.ts:46:3 › 抽屉 robot 行身份 chip（fixture，#741 缺口 1） › F-E1/E2/E10: 头像+名字并排成链，href 指 Agent 设置页，几何 canon 不漂移 (529ms)
  ✓   46 e2e/accent-typo.spec.ts:186:3 › resources back chevron keeps a keyboard focus ring (light) (513ms)
  ✓   43 e2e/agent-create-model.spec.ts:288:1 › 切换运行时清掉旧模型：body 不带跨 provider 的脏 modelId (1.3s)
  ✓   47 e2e/agent-detail.spec.ts:107:1 › 概览：职责位渲染 canon 空态并可编辑 (726ms)
  ✓   48 e2e/agent-identity-chip.spec.ts:69:3 › 抽屉 robot 行身份 chip（fixture，#741 缺口 1） › F-E9: hover 只变 cursor，不发明背景态（参考站正典） (548ms)
  ✓   49 e2e/accent-typo.spec.ts:186:3 › resources back chevron keeps a keyboard focus ring (dark) (458ms)
  ✓   50 e2e/attachment-strip.spec.ts:274:1 › detail face: paste paints a placeholder, landing swaps it for a chip with zero geometry move (734ms)
  ✓   53 e2e/accent-typo.spec.ts:253:3 › P5 danger: destructive resolves and reads on card, passes 4.5 (light) (409ms)
  ✓   51 e2e/agent-detail.spec.ts:125:1 › 概览：存量 provider 绑定裸串回显，一级只列内置行与运行时源 (706ms)
  ✓   52 e2e/agent-identity-chip.spec.ts:78:3 › 抽屉 robot 行身份 chip（fixture，#741 缺口 1） › F-E3: 点击 → SPA 导航进 Agent 设置页，详情页解析出真记录 (624ms)
  ✓   55 e2e/accent-typo.spec.ts:271:3 › P5 main-button pair passes 4.5 in both themes (light) (308ms)
  ✓   54 e2e/attachment-strip.spec.ts:321:1 › detail face: clicking the settled chip opens the image preview; Esc closes it (638ms)
  ✓   57 e2e/agent-identity-chip.spec.ts:89:3 › 抽屉 robot 行身份 chip（fixture，#741 缺口 1） › F-E4: 键盘可达——focus 落在 chip 上，Enter 激活导航 (527ms)
  ✓   56 e2e/agent-detail.spec.ts:165:1 › 概览：两级菜单锚在触发钮上且整块在视口内（几何） (874ms)
  ✓   60 e2e/agent-identity-chip.spec.ts:104:3 › agent 提及 chip（fixture，#741 缺口 2） › F-E5: 抽屉面 agent 提及 chip 成链并可点击导航（F-R13 同款配方） (466ms)
  ✓   59 e2e/attachment-strip.spec.ts:356:1 › detail face: clicking the in-flight placeholder previews the local bytes (659ms)
  ✓   61 e2e/agent-detail.spec.ts:201:1 › 概览：思考强度是只读值行，无模型时显示「默认」 (346ms)
  ✓   58 e2e/accent-typo.spec.ts:281:3 › P4 row hover rides accent-soft, delete row rides danger-soft (light) (1.2s)
  ✓   62 e2e/agent-identity-chip.spec.ts:116:3 › agent 提及 chip（fixture，#741 缺口 2） › F-E6: 详情页 transcript 面同律（segments 单源的第二消费面） (471ms)
  ✓   64 e2e/agent-detail.spec.ts:212:1 › 概览：不摆「状态」行 (462ms)
  ✓   63 e2e/attachment-strip.spec.ts:390:1 › detail face: a failed upload clears the placeholder, toasts, keeps the draft (574ms)
  ✓   65 e2e/accent-typo.spec.ts:253:3 › P5 danger: destructive resolves and reads on card, passes 4.5 (dark) (468ms)
  ✓   66 e2e/agent-identity-chip.spec.ts:127:3 › agent 提及 chip（fixture，#741 缺口 2） › F-E7: skill/project/machine 提及仍是惰性 span（字面负例） (569ms)
  ✓   67 e2e/agent-detail.spec.ts:220:1 › 记忆 tab：空态文案与 shared canon 同文 (494ms)
  ✓   69 e2e/accent-typo.spec.ts:271:3 › P5 main-button pair passes 4.5 in both themes (dark) (443ms)
  ✓   70 e2e/agent-identity-chip.spec.ts:146:3 › 惰性面零变化（#741 负例） › F-E8: 无 agent 投影的 robot 行保 dashed 字形，零 anchor（r5 114 冻结捕获面） (558ms)
  ✓   68 e2e/attachment-strip.spec.ts:442:1 › new-task face: placeholder → settled chip → preview (1.1s)
  ✓   71 e2e/agent-detail.spec.ts:230:1 › 权限 tab：6 个工具开关全渲染（r3 §4 全 list，XMON-84 恢复） (723ms)
  ✓   75 e2e/agent-detail.spec.ts:238:1 › 权限 tab：6 档各带说明副文案 (414ms)
  ✓   73 e2e/attachment-title.spec.ts:30:1 › token-first spec titles the card with the prose line, not the token (827ms)
  ✓   76 e2e/agent-detail.spec.ts:252:1 › 概览：运行时档在模型之上，值由 provider 派生 (292ms)
  ✓   74 e2e/attachment-strip.spec.ts:519:1 › chief face: placeholder → settled chip → preview (737ms)
  ✓   72 e2e/accent-typo.spec.ts:281:3 › P4 row hover rides accent-soft, delete row rides danger-soft (dark) (1.4s)
  ✓   77 e2e/attachment-title.spec.ts:38:1 › all-token spec titles the card with the file name (670ms)
  ✓   78 e2e/agent-detail.spec.ts:262:1 › 权限 tab：工具开关可切换 (531ms)
  ✓   79 e2e/avatar-dicebear.spec.ts:32:1 › sidebar avatar chips (expanded + rail) and user-menu head share one seeded src (785ms)
  ✓   82 e2e/agent-detail.spec.ts:271:1 › 权限 tab：MCP 服务器逐个勾选行渲染 (414ms)
  ✓   83 e2e/avatar-dicebear.spec.ts:53:1 › team agent card seeds by agent displayName — user/agent srcs differ (不同名不同像) (385ms)
  ✓   81 e2e/attachment-title.spec.ts:44:1 › inline token in the first line renders as the file name (751ms)
  ✓   84 e2e/agent-detail.spec.ts:284:1 › 权限 tab：有密钥时密钥区恰好一行总开关 (437ms)
  ✓   85 e2e/avatar-dicebear.spec.ts:62:1 › live members projection: two agents → two distinct seeded srcs; avatarUrl override wins (368ms)
  ✓   80 e2e/board-dnd-live.spec.ts:110:1 › live: done(有变更)→待处理 fires PATCH phase=review, optimistic landing never flashes back (1.7s)
  ✓   88 e2e/avatar-dicebear.spec.ts:114:1 › board todo card executor avatar seeds by the bound agent; fresh card keeps the placeholder (369ms)
  ✓   87 e2e/agent-detail.spec.ts:301:1 › 权限 tab：密钥总开关勾选态开→关→回 (617ms)
  ✓   86 e2e/board-dnd.spec.ts:144:1 › 待开始 → 已完成: silent commit, end-of-column landing, counts couple, teardown sweeps (762ms)
  ✓   90 e2e/avatar-dicebear.spec.ts:134:1 › detail chip popover: user row + 执行对话 agent row both seeded (386ms)
  ✓   91 e2e/agent-detail.spec.ts:316:1 › 权限 tab：零密钥时是空态，无开关 (488ms)
  ✓   89 e2e/board-dnd-live.spec.ts:171:1 › live: PATCH 409 = 乐观值作废，卡片弹回源列 + toast 点名失败（#638） (909ms)
  ✓   92 e2e/board-dnd.spec.ts:179:1 › 待开始 → 执行中: the drop fires orchestration directly — no dialog, no local phase write (#640) (802ms)
  ✓   93 e2e/avatar-dicebear.spec.ts:148:1 › create-agent dialog: empty name keeps the static asset; typing previews the seeded avatar (564ms)
  ✓   94 e2e/agent-detail.spec.ts:327:1 › 权限 tab：零密钥空态旁有去添加密钥的入口，点击落到密钥页 (603ms)
  ✓   97 e2e/avatar-dicebear.spec.ts:165:1 › dicebear unreachable → img onError falls back to the static asset (不裂图) (705ms)
  ✓   98 e2e/agent-detail.spec.ts:340:1 › 权限 tab：有密钥时不出「去添加密钥」入口 (923ms)
  ✓   95 e2e/board-dnd-live.spec.ts:198:1 › live: review(有变更)→已完成 开 done 闸，取消 = 零 PATCH、卡停源列 (#901) (1.7s)
  ✓   99 e2e/avatar-dicebear.spec.ts:177:1 › search agent rows + project task rows are seeded (Agent 列表 / 任务行头像位) (980ms)
  ✓  100 e2e/agent-detail.spec.ts:387:1 › 权限 tab：保存失败出可见错误反馈，开关不回弹 (929ms)
  ✓  102 e2e/avatar-dicebear.spec.ts:208:1 › conversation transcript: agent rows carry the assigned agent avatar, user rows the user avatar (490ms)
  ✓  104 e2e/avatar-dicebear.spec.ts:227:1 › account head shares the seeded user src (same identity as the sidebar chip) (354ms)
  ✓  103 e2e/agent-detail.spec.ts:414:1 › 权限 tab：保存成功不出错误行 (589ms)
  ✓  101 e2e/board-dnd-live.spec.ts:224:1 › live: review(有变更)→已完成 确认后发 PATCH phase=done，乐观落位 (#901) (1.5s)
  ✓  106 e2e/agent-detail.spec.ts:427:1 › 未知 agent id 不白屏，走回退呈现 (363ms)
  ✓  105 e2e/board-docked-reflow.spec.ts:68:3 › board never reflows under the floating chief window (ADR 0013 D1) › window open leaves the 1440 columns at their closed geometry (724ms)
  ✓  107 e2e/board-filter.spec.ts:104:1 › 旧场景（无 projectNames）不渲染仓库面；右动作区恰好一钮 = 无底色类型钮；+任务 不存在 (374ms)
  ✓  108 e2e/agent-detail.spec.ts:436:1 › 记忆 tab：配额头 `记忆 · n / 100` 与搜索/排序控件齐在 (398ms)
  ✓   96 e2e/board-dnd.spec.ts:221:1 › per-source target matrix: the tint set follows the dragged card (#753) (3.9s)
  ✓  111 e2e/agent-detail.spec.ts:447:1 › 记忆 tab：搜索按标题过滤，只留命中行 (479ms)
  ✓  110 e2e/board-filter.spec.ts:122:1 › 类型钮点开 anchored popover：词表 6 词全、aria-expanded 翻转 (555ms)
  ✓  109 e2e/board-docked-reflow.spec.ts:83:3 › board never reflows under the floating chief window (ADR 0013 D1) › narrowest usable viewport (1024): honest scroll identical open and closed (719ms)
  ✓  113 e2e/agent-detail.spec.ts:456:1 › 记忆 tab：搜索扫 content 且 ASCII 大小写不敏感 (503ms)
  ✓  112 e2e/board-dnd.spec.ts:247:1 › hover tier rides the hovered valid target for the new pairs (#753) (766ms)
  ✓  114 e2e/board-filter.spec.ts:138:1 › 类型单选收窄：命中卡可见、其余 tagged 隐、无标签恒可见；URL 带参保 scenario；列计数联动 (698ms)
  ✓  115 e2e/board-docked-reflow.spec.ts:105:3 › board never reflows under the floating chief window (ADR 0013 D1) › overflow stays reachable while the window is open (824ms)
  ✓  116 e2e/agent-detail.spec.ts:464:1 › 记忆 tab：零命中出「没有匹配的记忆。」，不回落 canon 空态 (478ms)
  ✓  118 e2e/board-filter.spec.ts:157:1 › 类型多选 = OR 并集；URL 序 = 词表规范序；点选保持弹层开；选中态 chip 可见 (783ms)
  ✓  119 e2e/board-docked-reflow.spec.ts:130:3 › board never reflows under the floating chief window (ADR 0013 D1) › overflow discloses itself while the window is open: scrollbar stays native (693ms)
  ✓  120 e2e/agent-detail.spec.ts:476:1 › 记忆 tab：`添加时间` 档按新 → 旧重排 (702ms)
  ✓  121 e2e/board-filter.spec.ts:181:1 › 再点已选词 = 解除该词（切换语义） (813ms)
  ✓  122 e2e/board-docked-reflow.spec.ts:142:3 › board never reflows under the floating chief window (ADR 0013 D1) › cards keep their exact width across window open/close (755ms)
  ✓  123 e2e/agent-detail.spec.ts:498:1 › 记忆 tab：搜索与排序叠加——排序只在命中集内生效 (764ms)
  ✓  117 e2e/board-dnd.spec.ts:267:1 › invalid pairs: no tint on the hovered target, release commits nothing (#753) (2.0s)
  ✓  126 e2e/agent-detail.spec.ts:514:1 › 记忆 tab：零记忆时不出搜索行，保留 canon 空态 (547ms)
  ✓  125 e2e/board-docked-reflow.spec.ts:160:3 › board never reflows under the floating chief window (ADR 0013 D1) › worst-case data holds while the window is open (747ms)
  ✓  128 e2e/agent-detail.spec.ts:524:1 › 概览：名称行带编辑图标，点图标同样进编辑态 (355ms)
  ✓  127 e2e/board-dnd.spec.ts:310:1 › 待开始 → 待处理 stays invalid (#351 pair kept inside the #753 matrix) (960ms)
  ✓  124 e2e/board-filter.spec.ts:195:1 › 弹层家族律：Escape / 外点 / 重点触发钮三路关闭 (1.3s)
  ✓  129 e2e/board-docked-reflow.spec.ts:193:3 › board never reflows under the floating chief window (ADR 0013 D1) › RTL mirror: the first column stays whole at the scroll-start edge while open (665ms)
  ✓  130 e2e/agent-detail.spec.ts:534:1 › 概览：职责的编辑钮是图标钮，带可访问名 (463ms)
  ✓  132 e2e/board-filter.spec.ts:211:1 › 类型带参直达 = 预选（刷新/分享不丢；弹层内选中态可见） (625ms)
  ✓  134 e2e/agent-detail.spec.ts:551:1 › 概览：零在跑任务时段头不带计数，出 canon 空态 (454ms)
  ✓  133 e2e/board-docked-reflow.spec.ts:214:3 › board never reflows under the floating chief window (ADR 0013 D1) › resting geometry at 1440 is untouched by the floor token (482ms)
  ✓  131 e2e/board-dnd.spec.ts:338:1 › 已完成(有变更) → 待处理: reopen commits review, lands after the pinned group (937ms)
  ✓  135 e2e/board-filter.spec.ts:221:1 › URL 里的词表外名被丢弃：无选中态、全量可见 (578ms)
  ✓  137 e2e/board-overflow.spec.ts:25:1 › 溢出列底边不冲出视口：列贴 scroller 可视高度（行高钉死） (532ms)
  ✓  136 e2e/agent-detail.spec.ts:558:1 › 概览：有在跑任务时列出行，段头带计数 (514ms)
  ✓  140 e2e/board-overflow.spec.ts:42:1 › 卡片列表有滚动出口：scrollHeight > clientHeight 且容器可滚 (626ms)
  ✓  141 e2e/agent-detail.spec.ts:580:1 › 概览：点行进任务详情 (599ms)
  ✓  139 e2e/board-filter.spec.ts:232:1 › 仓库段 = 项目选项集 + 计数 + 读数；默认全活、URL 无参、无生效筛选条 (734ms)
  ✓  138 e2e/board-dnd.spec.ts:368:1 › 待处理(confirm) → 已完成 / → 待开始: silent phase commits (#753) (1.1s)
  ✓  143 e2e/agent-detail.spec.ts:592:1 › 概览：六个字段行长在同一张模板卡里，头像头在卡内 (418ms)
  ✓  142 e2e/board-overflow.spec.ts:55:1 › 列表可滚：scrollTo 移动 scrollTop，滚轮同样生效 (503ms)
  ✓  147 e2e/board-overflow.spec.ts:77:1 › 列头固定：列表滚动时 header 的视口位置不动 (490ms)
  ✓  146 e2e/agent-detail.spec.ts:603:1 › 记忆 tab：记忆行住在模板卡里 (564ms)
  ✓  144 e2e/board-filter.spec.ts:258:1 › 仓库单选收窄：命中项目卡可见、他项目卡隐（无「无标签恒可见」豁免）；URL 带参；列计数联动 (1.1s)
  ✓  148 e2e/board-overflow.spec.ts:86:1 › 卡片上下缘由块向内边距保位：首卡上缘、滚到底的末卡下缘都不贴裁切线 (391ms)
  ✓  149 e2e/agent-detail.spec.ts:610:1 › 权限 tab：三组开关各自住在模板卡里 (451ms)
  ✓  145 e2e/board-dnd.spec.ts:399:1 › 待处理(confirm，有历史） → 待开始：开重置确认闸，不静默改相 (#755) (1.5s)
  ✓  151 e2e/board-overflow.spec.ts:120:1 › 存量场景零漂移：01 列完整贴视口、列底不超 scroller 底缘 (375ms)
  ✓  150 e2e/board-filter.spec.ts:280:1 › 仓库多选 = OR 并集；URL 序 = 字典序规范序（与点击序无关）；面板保持开 (883ms)
  ✓  152 e2e/agent-detail.spec.ts:623:1 › 记忆/权限卡：首行不吃卡的上圆角与描边（无方角外溢、无 2px 顶边） (633ms)
  ✓  154 e2e/board-zoom-fit.spec.ts:63:5 › natural-state board fits the zoomed-out-equivalent viewports (#1035) › no horizontal scroll at 110% zoom (1309px CSS viewport), all 4 columns whole (624ms)
  ✓  153 e2e/board-dnd.spec.ts:428:1 › 执行中 → 待开始：开重置确认闸 — gesture 只开闸，不写相位 (#755/#640) (1.0s)
  ✓  156 e2e/branch-button.spec.ts:12:1 › 有分支卡：分支钮可见且为分支 glyph，点开分支与 PR 弹层 (599ms)
  ✓  157 e2e/board-zoom-fit.spec.ts:63:5 › natural-state board fits the zoomed-out-equivalent viewports (#1035) › no horizontal scroll at 120% zoom (1200px CSS viewport), all 4 columns whole (541ms)
  ✓  159 e2e/branch-button.spec.ts:23:1 › 无分支卡：分支钮不渲染 (456ms)
  ✓  155 e2e/board-filter.spec.ts:300:1 › 仓库再点已选 = 解除；全选行满选再点 = 清本维（清除钮撤除后的清除路径） (1.2s)
  ✓  160 e2e/board-zoom-fit.spec.ts:63:5 › natural-state board fits the zoomed-out-equivalent viewports (#1035) › no horizontal scroll at 125% zoom (1152px CSS viewport), all 4 columns whole (607ms)
  ✓  158 e2e/board-dnd.spec.ts:458:1 › 重置闸·确认：started 卡确认后落待开始（fixture 本地重置投影）(#755) (1.3s)
  ✓  161 e2e/card-press.spec.ts:44:3 › press tints the whole card one surface step (light) (795ms)
  ✓  162 e2e/board-filter.spec.ts:327:1 › 仓库段「全部选中」= 写满项目源（读数 N/N）；清除 = 删参 (1.0s)
  ✓  163 e2e/board-zoom-fit.spec.ts:84:3 › natural-state board fits the zoomed-out-equivalent viewports (#1035) › natural floor still holds at 1024: honest scroll instead of collapsed columns (702ms)
  ✓  165 e2e/card-press.spec.ts:44:3 › press tints the whole card one surface step (dark) (757ms)
  ✓  166 e2e/board-filter.spec.ts:342:1 › 仓库带参直达 = 预选；未知项目 id 不误配 = 板级空态 (798ms)
  ✓  164 e2e/board-dnd.spec.ts:481:1 › 重置闸·取消：零提交（卡片不动、计数不动、无请求发出）(#755) (1.2s)
  ✓  167 e2e/board-zoom-fit.spec.ts:100:3 › natural-state board fits the zoomed-out-equivalent viewports (#1035) › the floating window never re-arms a docked floor (yield retired, ADR 0013 D1) (1.2s)
  ✓  171 e2e/board-zoom-fit.spec.ts:130:3 › natural-state board fits the zoomed-out-equivalent viewports (#1035) › worst-case card data stays in-column at the 125% boundary width (435ms)
  ✓  169 e2e/board-filter.spec.ts:356:1 › 零卡项目选中 = 板级空态明示 + 摘要；清除回全量 (861ms)
  ✓  170 e2e/board-dnd.spec.ts:509:1 › 重置闸·静默：零历史卡拖回待开始不设闸 (#755) (870ms)
  ✓  168 e2e/card-press.spec.ts:78:1 › card face is selection- and native-drag-locked (「小链接」绝迹) (1.3s)
  ✓  172 e2e/chat-md-toolout.spec.ts:46:1 › A1: tool output is collapsed behind the group toggle by default (447ms)
  ✓  175 e2e/card-press.spec.ts:129:1 › plain click on a done card still navigates to the detail route (578ms)
  ✓  176 e2e/chat-md-toolout.spec.ts:59:1 › A2: expanding the group reveals one standalone block per tool output (509ms)
  ✓  173 e2e/board-filter.spec.ts:371:1 › 类型轴空结果态沿用：板级明示 + 清除（board-tags-empty） (1.0s)
  ✓  177 e2e/chat-tools-identity.spec.ts:34:1 › I1: the collapsed group names itself — terminal glyph + 工具过程 label (434ms)
  ✓  174 e2e/board-dnd.spec.ts:534:1 › done 闸·取消：review(有变更) 拖已完成开弹层，取消零提交（卡不动、计数不动、无写请求）(#901) (1.2s)
  ✓  178 e2e/chat-md-toolout.spec.ts:70:1 › A3: the output block is left aligned, mono, normal contrast — not a chat-note (567ms)
  ✓  180 e2e/chat-tools-identity.spec.ts:56:1 › I2: collapsed offers no copy — the affordance lives in the expanded state (596ms)
  ✓  182 e2e/chat-md-toolout.spec.ts:91:1 › B1: a markdown heading renders as a heading element, not literal ## (531ms)
  ✓  183 e2e/chat-tools-identity.spec.ts:71:1 › I3: expanded copy still puts pills and outputs on the clipboard (545ms)
  ✓  181 e2e/board-dnd.spec.ts:569:1 › done 闸·确认：review(有变更) 确认后落已完成（fixture 本地提交，计数耦合）(#901) (1.2s)
  ✓  179 e2e/board-filter.spec.ts:389:1 › 双轴组合 = AND 收窄；组合见底 = 空态；清除钮清双轴 (1.5s)
  ✓  184 e2e/chat-md-toolout.spec.ts:104:1 › B2: ordered list renders ordinals and unordered list renders bullets (433ms)
  ✓  185 e2e/chat-tools-identity.spec.ts:82:1 › I4: expand/collapse interaction and the #470 row geometry are untouched (539ms)
  ✓  188 e2e/chat-md-toolout.spec.ts:119:1 › B3: nested list items indent past their parent (404ms)
  ✓  189 e2e/chat-tools-identity.spec.ts:108:1 › I5: the identity row draws no rule — the transcript boundary stays air (359ms)
  ✓  190 e2e/chat-md-toolout.spec.ts:134:1 › B4: a code fence renders as a mono block with no literal ``` leak (373ms)
  ✓  187 e2e/board-filter.spec.ts:425:1 › 类型段批次键：全部选中 = 写满词表（读数 N/N，非 0/N）；「仅此」塌成单值 (991ms)
  ✓  186 e2e/board-dnd.spec.ts:592:1 › done 闸·静默：无变更产物的 confirm 卡与 building 源拖已完成不设闸 (#901) (1.2s)
  ✓  191 e2e/chat-type-measure.spec.ts:30:1 › chat body reads at 15px on a unitless 1.6 — the 24px pitch survives (372ms)
  ✓  192 e2e/chat-md-toolout.spec.ts:146:1 › B5: inline code keeps the existing mono chip (355ms)
  ✓  196 e2e/chat-md-toolout.spec.ts:154:1 › B6: no raw markdown syntax survives as literal prose (399ms)
  ✓  195 e2e/chat-type-measure.spec.ts:75:1 › 68ch measure cap binds the body text and the centered note (431ms)
  ✓  198 e2e/chat-type-measure.spec.ts:125:1 › composer placeholder steps to 14px — one notch under the 15px body (305ms)
  ✓  197 e2e/checkbox-unified.spec.ts:63:1 › accept: 原生 input 走官方遮蔽（不画 Mac 复选框） (356ms)
  ✓  199 e2e/chat-type-measure.spec.ts:139:1 › bubble / avatar / footer keep their own geometry (#470 scope fence) (320ms)
  ✓  193 e2e/board-filter.spec.ts:454:1 › 生效筛选条：只列生效维度、点条清该维度、两轴齐时出「清除全部」 (1.4s)
  ✓  200 e2e/checkbox-unified.spec.ts:78:1 › accept: 未选中态不露勾 (434ms)
  ✓  201 e2e/chat-type-measure.spec.ts:160:1 › turn boundary is air, not a rule: no divider between a user turn and the agent row (345ms)
  ✓  202 e2e/board-filter.spec.ts:488:1 › 任务卡渲染标签 chip：词表配色、无标签零占位、卡面 chip 20px 默认档 (397ms)
  ✓  203 e2e/checkbox-unified.spec.ts:88:1 › accept: 整行可点（文字也是点击目标） (478ms)
  ✓  194 e2e/board-dnd.spec.ts:625:1 › cards from every column arm the drag gesture (#753) (1.8s)
  ✓  204 e2e/chief-composer-tools.spec.ts:264:1 › trigger: @ opens the inline listbox inside the drawer; arrows + Enter insert the token (FM1) (710ms)
  ✓  206 e2e/checkbox-unified.spec.ts:103:1 › accept: 盒几何 = 16×16 / 圆角 4px / 与文字 gap 8 / 文字 14px (531ms)
  ✓  205 e2e/chief-draft-persist.spec.ts:66:1 › live face: the draft survives a full-page reload (881ms)
  ✓  207 e2e/board-dnd.spec.ts:653:1 › click navigation survives sensor arming on the newly draggable columns (#753/#629) (1.0s)
  ✓  209 e2e/checkbox-unified.spec.ts:126:1 › provider: 未选中态不露白勾（#dlg-provider-authheader id 存活） (1.1s)
  ✓  208 e2e/chief-composer-tools.spec.ts:293:1 › mouse: hover highlights and the row click inserts without stealing focus (FM2) (1.3s)
  ✓  210 e2e/chief-draft-persist.spec.ts:86:1 › live face: an accepted send clears the persisted draft (no resurrection) (1.2s)
  ✓  211 e2e/board-dnd.spec.ts:667:1 › same-column gesture: siblings never shift, drop is a no-op (854ms)
  ✓  212 e2e/checkbox-unified.spec.ts:141:1 › accept: 键盘 Space 切换（焦点落在 Root 本体） (544ms)
  ✓  213 e2e/chief-composer-tools.spec.ts:311:1 › geometry: the listbox anchors above the composer wrap inside the drawer (FM2) (1.0s)
  ✓  214 e2e/chief-draft-persist.spec.ts:115:1 › live face: a rejected send keeps the draft in the box and in storage (#631) (876ms)
  ✓  215 e2e/board-dnd.spec.ts:715:3 › lifted card rides the compact drag-tier recipe (light) (926ms)
  ✓  216 e2e/chief-drawer-model.spec.ts:31:3 › chief drawer model row (#615) › the model row is a control that opens the anchored model popover (985ms)
  ✓  217 e2e/chief-composer-tools.spec.ts:339:1 › Esc closes the listbox and the drawer survives (#146 ladder, FM9) (736ms)
  ✓  219 e2e/board-dnd.spec.ts:715:3 › lifted card rides the compact drag-tier recipe (dark) (802ms)
  ✓  218 e2e/chief-draft-persist.spec.ts:138:1 › live face: minimize and SPA route switches keep the draft (D6 zero regression) (1.4s)
  ✓  222 e2e/board-dnd.spec.ts:784:3 › valid targets tint base tier, hovered column tints hot (light) (859ms)
  ✓  223 e2e/chief-draft-persist.spec.ts:163:1 › fixture face: zero writes, zero reads (A0 S11 shape) (386ms)
  ✓  221 e2e/chief-composer-tools.spec.ts:352:1 › the mention button opens the popover with live group counts and inserts a token (FM1) (1.2s)
  ✓  220 e2e/chief-drawer-model.spec.ts:70:3 › chief drawer model row (#615) › the selected model row is readable in both themes (#751 A) (2.0s)
  ✓  225 e2e/chief-drawer-slash.spec.ts:126:1 › trigger: `/` opens builtins plus skills, review/stop hidden (F2) (738ms)
  ✓  224 e2e/board-dnd.spec.ts:784:3 › valid targets tint base tier, hovered column tints hot (dark) (969ms)
  ✓  226 e2e/chief-composer-tools.spec.ts:379:1 › Esc with the popover open closes the popover, not the drawer (FM9) (1.2s)
  ✓  227 e2e/chief-drawer-model.spec.ts:124:3 › chief drawer model row (#615) › the selected row fill bleeds to the popover edges (#872) (765ms)
  ✓  228 e2e/chief-drawer-slash.spec.ts:148:1 › `/clear` runs without sending and toasts confirmation (F1) (740ms)
  ✓  230 e2e/chief-composer-tools.spec.ts:392:1 › a mid-line image paste lands the token whole-line at the caret (FM6) (669ms)
  ✓  231 e2e/chief-drawer-model.spec.ts:173:3 › chief drawer model row (#615) › the picker search is typeahead-only: absent until a key, retracted on clear (#756) (728ms)
  ✓  232 e2e/chief-drawer-slash.spec.ts:167:1 › Tab completes without running; Enter without highlight sends (F4) (677ms)
  ✓  229 e2e/board-dnd.spec.ts:844:1 › committed drop never flashes the card back to the source column (1.6s)
  ✓  233 e2e/chief-composer-tools.spec.ts:418:1 › Enter during the upload does not send; after it lands Enter sends the token inside (FM6/FM10) (878ms)
  ✓  234 e2e/chief-drawer-model.spec.ts:232:3 › chief drawer model row (#615) › the model row carries the runtime mark, not an agent avatar (935ms)
  ✓  235 e2e/chief-drawer-slash.spec.ts:182:1 › mid-prompt accept inserts literal text, never runs (F3) (890ms)
  ✓  236 e2e/board-dnd.spec.ts:883:1 › overlay unmounts with the pointerup frame — no glide (1.1s)
  ✓  238 e2e/chief-drawer-model.spec.ts:253:3 › chief drawer model row (#615) › message copy glyphs are clipboard buttons; no bare inert glyphs remain (907ms)
  ✓  237 e2e/chief-composer-tools.spec.ts:535:1 › transcript: mention and attachment tokens in a user row render as chips, never literal (FM7) (1.5s)
  ✓  240 e2e/chief-fab.spec.ts:27:3 › detail FAB renders only with unread (#443) › unread 0: the detail route renders no FAB (885ms)
  ✓  239 e2e/chief-drawer-slash.spec.ts:194:1 › /help opens the command panel with the drawer builtins (1.6s)
  ✓  243 e2e/chief-fab.spec.ts:34:3 › detail FAB renders only with unread (#443) › unread > 0: the FAB renders with the badge value (702ms)
  ✓  241 e2e/chief-drawer-model.spec.ts:280:3 › chief drawer model row (#615) › restore button opens the rewind confirm; the foot chevron discloses tool rows (1.3s)
  ✓  242 e2e/chief-composer-tools.spec.ts:557:3 › fixture face stays inert (#732 FM3) › the composer is read-only: no listbox, attach inert, picker at zero counts (1.1s)
  ✓  244 e2e/chief-drawer-slash.spec.ts:215:1 › Esc closes the menu and the drawer survives (F5) (1.2s)
  ✓  245 e2e/chief-fab.spec.ts:41:3 › detail FAB renders only with unread (#443) › the FAB keeps the A0 corner geometry (40x40 @ 8px inset, fixed) (805ms)
  ✓  247 e2e/chief-panel.spec.ts:57:3 › chief panel floating form (ADR 0013) › Esc never closes the panel on the board route (D3) (731ms)
  ✓  246 e2e/chief-drawer-model.spec.ts:316:3 › chief drawer model row (#615) › the gear reaches board settings from a wake surface (1.2s)
  ✓  249 e2e/chief-fab.spec.ts:88:3 › FAB icon follows the bound agent (#444) › bound: the board FAB swaps the glyph for the seeded avatar, badge and geometry stay (790ms)
  ✓  248 e2e/chief-send-fallback.spec.ts:136:1 › stale slot: send goes out, fallback toast names it, row heals to 默认 (1.1s)
  ✓  250 e2e/chief-panel.spec.ts:65:3 › chief panel floating form (ADR 0013) › Esc never closes the panel on a wake surface (1.1s)
  ✓  252 e2e/chief-fab.spec.ts:111:3 › FAB icon follows the bound agent (#444) › bound: a non-board route swaps at the same single consumption point (794ms)
  ✓  251 e2e/chief-drawer-model.spec.ts:329:3 › chief drawer model row (#615) › closing the drawer (⌘J) recycles the model popover with it (#773) (1.1s)
  ✓  254 e2e/chief-panel.spec.ts:79:3 › chief panel floating form (ADR 0013) › Esc layers: the open thread switcher closes first, the panel survives both (797ms)
  ✓  253 e2e/chief-send-fallback.spec.ts:168:1 › fresh slot: send goes out with no fallback toast (1.4s)
  ✓  255 e2e/chief-fab.spec.ts:122:3 › FAB icon follows the bound agent (#444) › avatarUrl override wins over the generated face (759ms)
  ✓  256 e2e/chief-settings.spec.ts:29:1 › 返回按钮可用：点击回到总管抽屉 (#811) (999ms)
  ✓  258 e2e/chief-fab.spec.ts:130:3 › FAB icon follows the bound agent (#444) › unbound: the static glyph stays, no avatar face (642ms)
  ✓  257 e2e/chief-panel.spec.ts:95:3 › chief panel floating form (ADR 0013) › composer bar carries the attach + mention tools and the send button (738ms)
  ✓  259 e2e/chief-stream-markdown.spec.ts:249:3 › chief drawer markdown 面（fixture，#650） › F-R1/R2/R3: robot markdown 行走共用块解析——bold/标题/列表/栅栏/chip 全渲染，星号零漏出 (819ms)
  ✓  260 e2e/chief-settings.spec.ts:48:1 › agent row opens the 选择总管 Agent dialog with search + canon default row (793ms)
  ✓  261 e2e/chief-panel.spec.ts:109:3 › chief panel floating form (ADR 0013) › the panel floats as a 380x600 window anchored 8px off the corner (board) (769ms)
  ✓  262 e2e/chief-thread-switcher-scroll.spec.ts:25:3 › chief thread switcher long-list scroll (#1094) › the 22-thread list caps inside the window and the tail row is clickable (868ms)
  ✓  263 e2e/chief-stream-markdown.spec.ts:284:3 › chief drawer markdown 面（fixture，#650） › F-R13: todo 提及渲成 chip，锚点指任务详情并可点击导航；字面 #seq/伪 scheme 不出 chip（#675） (971ms)
  ✓  265 e2e/chief-panel.spec.ts:154:3 › chief panel floating form (ADR 0013) › board content never yields to the window (D1 overlay, no yield) (901ms)
  ✓  266 e2e/chief-thread-switcher-scroll.spec.ts:77:3 › chief thread switcher long-list scroll (#1094) › the short canon list (r5 116, 2 threads) keeps its natural height (824ms)
  ✓  264 e2e/chief-settings.spec.ts:64:1 › agent dialog search keeps its own 16px inset (#872 blast radius) (1.0s)
  ✓  267 e2e/chief-stream-markdown.spec.ts:305:3 › chief drawer markdown 面（fixture，#650） › F-R4/R5: typing 打字行无 foot；定稿行 foot（复制 + 完成 44s）保留 (965ms)
  ✓  269 e2e/chief-thread-switcher-scroll.spec.ts:101:3 › chief thread switcher long-list scroll (#1094) › Tab walks the list to the tail row and scrolls it into view (1.3s)
  ✓  268 e2e/chief-panel.spec.ts:173:3 › chief panel floating form (ADR 0013) › minimizing leaves the board grid at the same geometry (nothing to restore) (1.4s)
  ✓  271 e2e/chief-stream-markdown.spec.ts:321:3 › chief drawer markdown 面（fixture，#650） › F-R6/R8: 用户行头像 = 真人身份 img（XMON-105 单源），抽屉体可滚动 (1.1s)
  ✓  273 e2e/chip-assign.spec.ts:31:1 › 编辑分配 opens the agent pick dialog with search + bound row checked (1.4s)
  ✓  270 e2e/chief-settings.spec.ts:82:1 › agent dialog family law: X, Escape and backdrop dismiss; panel clicks do not (2.9s)
  ✓  272 e2e/chief-panel.spec.ts:204:5 › chief panel floating form (ADR 0013) › pages: the main column never narrows while the window is open (1.7s)
  ✓  274 e2e/chief-stream-markdown.spec.ts:338:3 › chief drawer markdown 面（fixture，#650） › F-R9: r5 114 冻结捕获面不漂移——段数组行走原 .chief-para/.chief-bullet 路径 (1.7s)
  ✓  276 e2e/chief-settings.spec.ts:100:1 › agent dialog search filters the list; no match shows the empty row (1.3s)
  ✓  275 e2e/chip-assign.spec.ts:44:1 › fixture pick closes the dialog (accept 律); popover row echo unchanged (1.8s)
  ✓  277 e2e/chief-panel.spec.ts:204:5 › chief panel floating form (ADR 0013) › resources: the main column never narrows while the window is open (2.0s)
  ✓  278 e2e/chief-stream-markdown.spec.ts:356:3 › chief drawer markdown 面（fixture，#650） › F-R15: fixture 面（r5 113 running 捕获）不长存在行——ChiefStreamItem 新 kind 零污染 (2.0s)
  ✓  279 e2e/chief-settings.spec.ts:109:1 › fixture agent pick closes the dialog (accept 律) (1.6s)
  ✓  281 e2e/chief-panel.spec.ts:204:5 › chief panel floating form (ADR 0013) › secondary: the main column never narrows while the window is open (2.8s)
  ✓  283 e2e/chief-settings.spec.ts:123:1 › charter 编辑 opens the DialogShell editor with the r5 captured fields (1.7s)
  ✓  280 e2e/chip-assign.spec.ts:56:1 › assign dialog family law: X, Escape and backdrop dismiss; panel clicks do not (4.0s)
  ✓  282 e2e/chief-stream-markdown.spec.ts:373:3 › chief drawer 流式面（live mock，#651） › F-R7/R10/R11: text_delta 增量上屏，message 终稿收敛不重复不残留 (4.1s)
  ✓  286 e2e/chip-assign.spec.ts:74:1 › assign dialog search filters the list; no match shows the empty row (3.0s)
  ✓  284 e2e/chief-panel.spec.ts:230:3 › chief panel floating form (ADR 0013) › detail: the right pane coexists with the floating window (D7 reversed) (4.2s)
  ✓  285 e2e/chief-settings.spec.ts:135:1 › charter dialog family law: X, Escape, 取消 and backdrop dismiss (6.6s)
  ✓  287 e2e/chief-stream-markdown.spec.ts:423:3 › chief drawer 流式面（live mock，#651） › F-R12: 双行去重（#667）——同文 POST + user-<stepId> 回声恰一个用户气泡；连发不同文各一条 (5.3s)
  ✓  289 e2e/chief-panel.spec.ts:259:3 › chief panel floating form (ADR 0013) › hero examples: the four canon prompt cards, inert on the fixture face (2.9s)
  ✓  288 e2e/chip-hotzone.spec.ts:25:1 › H1: the chevron side of the chip toggles the popover (3.2s)
  ✓  290 e2e/chief-settings.spec.ts:155:1 › fixture charter save closes the dialog (accept 律) (3.0s)
  ✓  293 e2e/chip-hotzone.spec.ts:34:1 › H2: keyboard focus + Enter toggles the popover (2.6s)
  ✓  291 e2e/chief-stream-markdown.spec.ts:457:3 › chief drawer 流式面（live mock，#651） › F-R14: 在飞存在行（#739）——静默窗口挂 streaming 行，首 delta 收敛为 typing，终稿两行皆退场 (4.2s)
  ✓  294 e2e/chief-settings.spec.ts:179:1 › 压缩模型 interactive (#204): button opens the anchored model menu (1.4s)
  ✓  292 e2e/chief-panel.spec.ts:285:3 › chief panel floating form (ADR 0013) › composer grows with a restored draft to the six-line cap, empty face keeps the base track (#860 supersedes XMON-102) (3.8s)
  ✓  295 e2e/collapse-family.spec.ts:12:1 › sidebar group collapse hides sub-rows, flips aria, survives reload (3.2s)
  ✓  298 e2e/chief-panel.spec.ts:324:3 › chief panel floating form (ADR 0013) › composer placeholder switches to the steer canon while a turn runs (#624) (2.7s)
  ✓  296 e2e/chief-stream-markdown.spec.ts:506:3 › chief drawer 流式面（live mock，#651） › F-R16: 轮中事件不闪清（#857）——工具行/文本行事件后重取在飞时打字面保留，收敛后落库行接管 (2.8s)
  ✓  297 e2e/chief-settings.spec.ts:197:1 › 压缩模型 selected row fill bleeds to the menu edges (#872) (3.0s)
  ✓  299 e2e/collapse-family.spec.ts:48:1 › rail group collapse hides member rows and survives reload (1.6s)
  ✓  302 e2e/chief-settings.spec.ts:271:1 › 压缩模型 search is typeahead-only, same contract as the drawer picker (#756 续) (2.4s)
  ✓  303 e2e/collapse-family.spec.ts:66:1 › both sidebar groups persist side by side (2.3s)
  ✓  301 e2e/chief-stream-markdown.spec.ts:558:3 › chief drawer 流式面（live mock，#651） › F-R18: 在飞存在行可展开（#822）——点箭头看实时步骤，typing 接管不泄漏 (3.8s)
  ✓  300 e2e/chief-panel.spec.ts:347:3 › chief panel floating form (ADR 0013) › the open state persists across a reload (D5, reversing 0004 D9) (5.0s)
  ✓  304 e2e/chief-settings.spec.ts:300:1 › 压缩模型 menu family law (#204): Escape and outside click dismiss (2.9s)
  ✓  305 e2e/composer-inline-mention.spec.ts:184:1 › trigger: line start / after whitespace / after CJK punctuation — never mid-word or in an email (F2) (2.2s)
  ✓  306 e2e/chief-stream-markdown.spec.ts:638:3 › chief drawer 流式面（live mock，#651） › F-R15: robot 行身份 chip（live 面，#741）——头像+名字 anchor，点击全链进 Agent 设置页 (2.1s)
  ✓  308 e2e/chief-settings.spec.ts:310:1 › 压缩模型 fixture pick = accept 律:选择即关 (#204) (1.5s)
  ✓  307 e2e/composer-paste.spec.ts:282:1 › detail face: a mid-line image paste lands the token whole-line at the caret (2.4s)
  ✓  311 e2e/chief-settings.spec.ts:321:3 › 压缩模型 long value truncates, full name on title (dark, #772) (1.7s)
  ✓  310 e2e/chief-stream-markdown.spec.ts:694:3 › chief drawer 用户气泡 markdown 面（live mock，#742） › F-R14: 用户气泡走同源解析——todo chip 成锚可点导航、bold 成 strong、负例保持字面 (2.8s)
  ✓  309 e2e/composer-inline-mention.spec.ts:206:1 › filter: fuzzy subsequence, smart case, empty-state row (3.2s)
  ✓  313 e2e/chief-settings.spec.ts:321:3 › 压缩模型 long value truncates, full name on title (light, #772) (1.4s)
  ✓  312 e2e/composer-paste.spec.ts:310:1 › detail face: one multi-image paste puts every token on its own line (3.2s)
  ✓  314 e2e/chief-stream-markdown.spec.ts:721:3 › chief drawer 用户气泡 markdown 面（live mock，#742） › F-R15: 复制载荷 = markdown 原文（不是渲染结果）；两钮行（复制/恢复）不受影响 (2.7s)
  ✓  316 e2e/chief-settings.spec.ts:341:1 › 空态卡 centered and growth-proof: memo matches watches (#772) (1.7s)
  ✓  315 e2e/composer-inline-mention.spec.ts:233:1 › filter: candidate list caps at 15 (CN=15) (2.6s)
  ✓  317 e2e/composer-paste.spec.ts:328:1 › detail face: a text-only paste is never preventDefaulted (FM7 zero change) (2.6s)
  ✓  319 e2e/chief-settings.spec.ts:373:1 › 压缩模型 stale preset value (#358): 裸串兜底回显 + 菜单无选中行 (1.4s)
  ✓  318 e2e/chief-stream-markdown.spec.ts:736:3 › chief drawer 用户气泡 markdown 面（live mock，#742） › F-R23: 行 id 贯通——live 行 Item 携源 chief_message id（messageId），顺序 = 存储序 (2.6s)
  ✓  322 e2e/chief-settings.spec.ts:415:1 › 机器槽在位:Agent tab 有「机器」标题 + 描述 + chip(值 null = 自动) (1.7s)
  ✓  321 e2e/composer-paste.spec.ts:343:1 › detail face: a non-whitelisted paste is rejected with a toast, grant never fires (2.6s)
  ✓  320 e2e/composer-inline-mention.spec.ts:243:1 › keyboard: arrows cycle the highlight, the top row is NOT preselected (3.6s)
  ✓  323 e2e/chief-stream-markdown.spec.ts:752:3 › chief drawer 用户气泡 markdown 面（live mock，#742） › F-R16: 单行纯文本气泡几何不漂移（44px 药丸）；多块气泡首/尾块 margin 修剪生效 (2.1s)
  ✓  324 e2e/chief-settings.spec.ts:428:1 › 机器 chip 开 popover:「自动」行 + 机器行 + listbox 语义 + 选中态 (1.7s)
  ✓  327 e2e/chief-stream-markdown.spec.ts:777:3 › chief drawer 用户气泡 markdown 面（live mock，#742） › F-R17: fixture 捕获面用户气泡零漂移——无槽走字面路径（无 --md 类、无 chat-md 块） (1.3s)
  ✓  325 e2e/composer-paste.spec.ts:362:1 › detail face: an over-cap paste is rejected with a toast, grant never fires (2.4s)
  ✓  326 e2e/composer-inline-mention.spec.ts:265:1 › Enter with a highlight inserts WITHOUT sending; the second Enter sends (r9 §5 fix) (3.1s)
  ✓  328 e2e/chief-settings.spec.ts:446:1 › 机器 popover family law: Escape / outside click dismiss (2.3s)
  ✓  329 e2e/chief-stream-markdown.spec.ts:791:3 › chief drawer 用户气泡 markdown 面（live mock，#742） › F-R19: 段行投影（#955）——思考行单列、在飞工具行平铺并挂真实秒数 (2.5s)
  ✓  330 e2e/composer-paste.spec.ts:378:1 › detail face: a non-image whitelist file (text/plain) is accepted under its real name (2.4s)
  ✓  332 e2e/chief-settings.spec.ts:456:1 › 机器 chip fixture pick = accept 律:选择即关 + 回显不变(无 mutation) (1.9s)
  ✓  331 e2e/composer-inline-mention.spec.ts:292:1 › Enter without a highlight sends as typed (F1: composer-wire-reject law survives) (2.9s)
  ✓  333 e2e/chief-stream-markdown.spec.ts:887:3 › chief drawer 用户气泡 markdown 面（live mock，#742） › F-R20: 在飞工具行带出具体命令（不是裸工具名） (1.5s)
  ✓  335 e2e/chief-settings.spec.ts:464:1 › 机器槽默认面(101):无 resources → 清单仅「自动」行且选中 (1.4s)
  ✓  334 e2e/composer-paste.spec.ts:396:1 › detail face: a mixed file+text clipboard takes the files and drops the text (2.2s)
  ✓  338 e2e/chief-settings.spec.ts:478:1 › Agent tab 无「派发方式」行:设置槽已删,邻座决策行健在(#903) (1.3s)
  ✓  336 e2e/composer-inline-mention.spec.ts:303:1 › Tab inserts the top match without sending and keeps focus (rule 22/56) (2.6s)
  ✓  339 e2e/composer-paste.spec.ts:424:1 › detail face: a failed upload toasts and the draft survives untouched (2.0s)
  ✓  337 e2e/chief-stream-markdown.spec.ts:920:3 › chief drawer 用户气泡 markdown 面（live mock，#742） › F-R21: 段序契约（#1003 / ADR 0011 premortem）——文本段在前、其工具行在后、各恰一次；收口后工具折进后随段 (3.6s)
  ✓  340 e2e/composer-slash.spec.ts:151:1 › trigger: `/` opens builtins then skills, paths and mid-word stay literal (F2/F6) (1.8s)
  ✓  341 e2e/composer-inline-mention.spec.ts:315:1 › mouse: hover highlights, click inserts, the textarea never loses focus (F4 combobox) (2.0s)
  ✓  343 e2e/chief-stream-markdown.spec.ts:1028:3 › chief drawer 用户气泡 markdown 面（live mock，#742） › F-R22: 长预览由 CSS 截断——钮宽 ≤ 列宽、省略号生效、页面零横溢（#1034） (3.0s)
  ✓  342 e2e/composer-paste.spec.ts:446:1 › detail face: Enter during the upload does not send; after it lands, Enter sends the token (3.8s)
  ✓  344 e2e/composer-slash.spec.ts:177:1 › filter: word-prefix only, alias, empty state (F3/F7) (2.7s)
  ✓  345 e2e/composer-inline-mention.spec.ts:346:1 › insert lands a trailing space and the caret after it — typing continues outside the token (F6) (4.0s)
  ✓  346 e2e/composer-wire-reject.spec.ts:140:1 › detail face: a rejected steer (409) keeps the draft word for word (2.0s)
  ✓  348 e2e/composer-slash.spec.ts:197:1 › no dual-open with the @ face (F4) (2.6s)
  ✓  347 e2e/composer-paste.spec.ts:507:1 › new-task face: paste inserts the token line-atomic into the spec and save carries it (3.2s)
  ✓  349 e2e/composer-inline-mention.spec.ts:364:1 › close set: Esc closes the listbox and stays on the detail (#634 layering) (2.7s)
  ✓  350 e2e/composer-wire-reject.spec.ts:165:1 › detail face: an accepted steer clears the draft (2.7s)
  ✓  351 e2e/composer-slash.spec.ts:212:1 › Enter on a highlighted execute row runs it without sending (F1) (2.7s)
  ✓  352 e2e/composer-paste.spec.ts:537:1 › new-task face: save is blocked while the paste upload is in flight (2.5s)
  ✓  353 e2e/composer-inline-mention.spec.ts:383:1 › close set: backspace shortens the query, backspacing past @ closes (F7) (1.6s)
  ✓  354 e2e/composer-wire-reject.spec.ts:206:1 › chief face: a rejected send (500) keeps the draft and toasts (1.6s)
  ✓  356 e2e/composer-paste.spec.ts:566:1 › detail face probe: a real Cmd/Ctrl+V clipboard image paste rides the same chain (1.5s)
  ✓  355 e2e/composer-slash.spec.ts:225:1 › Tab completes without running; Enter without highlight sends (F1) (1.9s)
  ✓  358 e2e/composer-wire-reject.spec.ts:229:1 › chief face: an accepted send clears the draft (1.6s)
  ✓  357 e2e/composer-inline-mention.spec.ts:408:1 › close set: typing a space ends the token (rule 34) (1.9s)
  ✓  359 e2e/dead-buttons.spec.ts:40:1 › feedback route is gone — old URL redirects to the board (817ms)
  ✓  361 e2e/detail-3pane.spec.ts:34:1 › three abutting panes: 240 sidebar | fluid center | 488 right (1.1s)
  ✓  360 e2e/composer-slash.spec.ts:240:1 › mid-prompt accept inserts literal text, never runs (F5) (2.0s)
  ✓  363 e2e/dead-buttons.spec.ts:46:1 › user menu drops its dead rows — 反馈 (#149), 新功能/快捷键 (#163) (1.5s)
  ✓  366 e2e/dead-buttons.spec.ts:65:1 › board topbar drops the 看板指南 button — right actions keep exactly one button (#363, #445 改指类型钮) (1.1s)
  ✓  362 e2e/composer-inline-mention.spec.ts:416:1 › close set: caret-only moves out of the token close the list (F3) (3.3s)
  ✓  367 e2e/dead-buttons.spec.ts:84:1 › board renders exactly the four #351 columns, retired names and collapse family gone (1.1s)
  ✓  364 e2e/detail-3pane.spec.ts:63:1 › no 文档|聊天 tab group survives on any phase surface (3.2s)
  ✓  370 e2e/detail-3pane.spec.ts:72:1 › detail head keeps the 更多 icon only — branch/token/history icons are gone (1.1s)
  ✓  368 e2e/composer-inline-mention.spec.ts:443:1 › close set: clicking outside the composer closes the list (2.2s)
  ✓  365 e2e/composer-slash.spec.ts:252:1 › close set: Esc, space, backspace-past-slash, outside click (4.5s)
  ✓  371 e2e/detail-3pane.spec.ts:83:1 › composer stays in-flow inside the center column: card form, 16px insets, scroll port ends above it (996ms)
  ✓  369 e2e/dead-buttons.spec.ts:114:1 › project files pane: no export button, static branch chip, wired 文件|历史 segment (2.0s)
  ✓  374 e2e/detail-3pane.spec.ts:133:1 › composer controls share one bottom row: stop is the send button's sibling (1.5s)
  ✓  375 e2e/dead-buttons.spec.ts:140:1 › schedules empty state drops the 查看文档 button; 新建定时 really opens and saves (#149, #1037) (2.1s)
  ✓  373 e2e/composer-slash.spec.ts:285:1 › skill row inserts the wire token with trailing space (3.3s)
  ✓  372 e2e/composer-inline-mention.spec.ts:452:1 › multiple mentions: a second @ after an insert opens fresh and lands in order (F10) (3.5s)
  ✓  376 e2e/detail-3pane.spec.ts:187:1 › composer width tracks the center column; the floating window overlays without moving it (ADR 0013 D1) (1.5s)
  ✓  377 e2e/dead-buttons.spec.ts:160:1 › schedules fixture face: topbar 新建 opens the dialog, freq tabs respond, save lands a card (#1037) (1.9s)
  ✓  381 e2e/dead-buttons.spec.ts:180:1 › doc pane 变更▾ opens the document-type listbox and closes on Escape (1.6s)
  ✓  378 e2e/composer-slash.spec.ts:298:1 › mixed: slash skill token plus @ mention coexist (2.7s)
  ✓  379 e2e/composer-inline-mention.spec.ts:473:1 › popover multi-select inserts every token with trailing spaces (F11) (2.8s)
  ✓  380 e2e/detail-3pane.spec.ts:211:1 › right pane type select switches between the doc surface and the three sections (2.5s)
  ✓  382 e2e/dead-buttons.spec.ts:196:1 › doc pane 型选行 click re-selects the current type and closes (#306) (1.2s)
  ✓  385 e2e/detail-3pane.spec.ts:247:1 › scenarios 30/31/32 freeze the pane view instead of popping dialogs (2.0s)
  ✓  386 e2e/dead-buttons.spec.ts:210:1 › machines rows carry only live controls, no dead inline buttons (#222 出账 + #1108 收窄) (1.3s)
  ✓  384 e2e/composer-inline-mention.spec.ts:489:1 › IME: a composing Enter neither inserts nor sends (F8) (2.7s)
  ✓  383 e2e/composer-slash.spec.ts:315:1 › /help opens the command panel (2.8s)
  ✓  387 e2e/detail-3pane.spec.ts:262:1 › plan card activation in the thread opens the plan doc in the right pane (964ms)
  ✓  388 e2e/dead-buttons.spec.ts:229:1 › composer toolbar drops the 语音输入 button, keeps attachment + mention (1.0s)
  ✓  390 e2e/detail-esc.spec.ts:34:1 › E1: clean ESC leaves the detail, carrying the search home (908ms)
  ✓  391 e2e/detail-3pane.spec.ts:276:1 › fresh phase: the brief owns the whole center column, right pane collapses (1.5s)
  ✓  392 e2e/dead-buttons.spec.ts:242:1 › new-task dialog tools drop the 语音输入 button, keep two live tools (1.4s)
  ✓  393 e2e/detail-esc.spec.ts:52:1 › E2: ESC with the chip popover open closes the popover first (1.4s)
  ✓  389 e2e/composer-inline-mention.spec.ts:519:1 › geometry: the listbox stays anchored above the composer (#688 ladder untouched) (2.3s)
  ✓  394 e2e/detail-narrow.spec.ts:49:1 › N1: 320px degrades instead of clipping — no page overflow, no swallowed column scroll (998ms)
  ✓  395 e2e/dead-buttons.spec.ts:259:1 › api-keys empty state drops the 查看文档 button, keeps 新建密钥 (#307) (1.3s)
  ✓  396 e2e/detail-esc.spec.ts:63:1 › E3: ESC with a modal overlay open closes the overlay first (1.8s)
  ✓  398 e2e/detail-narrow.spec.ts:67:1 › N2: 360 and 390 keep the same law (1.7s)
  ✓  399 e2e/dead-buttons.spec.ts:269:1 › resources empty state drops the 查看文档 link (#307); skills 空态主钮 = 新建技能弹窗 (XMON-114) (1.2s)
  ✓  401 e2e/detail-narrow.spec.ts:81:1 › N3: the degradation stops at 768px — the 3-pane shell survives above it (994ms)
  ✓  397 e2e/composer-inline-mention.spec.ts:577:1 › files: empty query lists entities then files in roster order (3.5s)
  ✓  402 e2e/dead-buttons.spec.ts:292:1 › mcp page is read-only: 无新建入口、行无更多菜单 ink、空态指向 ~/.claude.json (#368) (1.2s)
  ✓  400 e2e/dialog-viewport.spec.ts:56:1 › provider: 3 模型行把 body 撑溢,submit 钉底且滚动不位移 (2.5s)
  ✓  403 e2e/detail-narrow.spec.ts:106:1 › N4: the docked chief panel cannot re-overflow the 320px shell (1.5s)
  ✓  405 e2e/dead-buttons.spec.ts:310:1 › create-agent dialog drops the avatar 更换 ink (#307) (1.3s)
  ✓  408 e2e/dead-buttons.spec.ts:324:1 › project settings drops the avatar 更换 ink (#307, supersedes the #177 chrome verdict) (821ms)
  ✓  407 e2e/detail-narrow.spec.ts:127:1 › N5: head actions and the composer stay inside the 320px viewport (843ms)
  ✓  406 e2e/dialog-viewport.spec.ts:85:1 › secret: 静态表单面 submit 在视口 (1.6s)
  ✓  404 e2e/composer-inline-mention.spec.ts:591:1 › files: fuzzy filters both faces, agents keep ties (3.1s)
  ✓  410 e2e/diff-full-file.spec.ts:20:1 › 初始态渲染 hunk 面与「显示完整文件」钮,无全文(初渲不污染) (1.4s)
  ✓  409 e2e/dead-buttons.spec.ts:336:1 › chief drawer drops the ⋮ 更多 button — thread view keeps three head actions (#306) (1.6s)
  ✓  411 e2e/dialog-viewport.spec.ts:95:1 › machine: disclosure 展开(最高内容态)底部链接在视口 (2.7s)
  ✓  413 e2e/diff-full-file.spec.ts:27:1 › 点击内联展开全文:hunks 隐去、全文带连续行号、钮翻转「显示差异」 (2.6s)
  ✓  414 e2e/dead-buttons.spec.ts:362:1 › sched card 更多 opens a menu and deletes the row through the confirm (#306) (3.4s)
  ✓  415 e2e/dialog-viewport.spec.ts:107:1 › create-agent: submit 在视口 (2.0s)
  ✓  412 e2e/composer-inline-mention.spec.ts:604:1 › files: Enter inserts the bare path with a trailing space and sends on second Enter (5.2s)
  ✓  416 e2e/diff-full-file.spec.ts:45:1 › 再点回到 hunk 面,钮文案翻回「显示完整文件」 (1.9s)
  ✓  418 e2e/dialog-viewport.spec.ts:116:1 › charter: 取消/保存章程在视口 (2.5s)
  ✓  417 e2e/dead-buttons.spec.ts:396:1 › skills 排序 opens the single-select listbox, picking an option closes it (#306) (3.1s)
  ✓  421 e2e/dialog-viewport.spec.ts:127:1 › chief-agent 列表态(无按钮读面)面板整体不越视口 (1.9s)
  ✓  420 e2e/diff-word-highlight.spec.ts:38:1 › 长行产生横向滚动,且每个行盒/hunk 头/文件行都撑满滚动宽(hunk 面) (3.0s)
  ✓  422 e2e/dead-buttons.spec.ts:425:1 › account drops the 更换 button, keeps the avatar head (#306 wontfix 出账) (1.6s)
  ✓  419 e2e/composer-inline-mention.spec.ts:623:1 › files: directory row inserts with a trailing slash (6.1s)
  ✓  424 e2e/diff-word-highlight.spec.ts:56:1 › 「显示完整文件」面的行同样撑满滚动宽 (3.5s)
  ✓  425 e2e/dead-buttons.spec.ts:435:1 › transcript tool group: 收起 collapses, the footer row re-expands (#306) (3.4s)
  ✓  423 e2e/dialog-viewport.spec.ts:138:1 › branch sync tab: 视口压过内容高,同步钮钉底,body 溢出;git tab 正常 (4.6s)
  ✓  427 e2e/diff-word-highlight.spec.ts:70:1 › 单词对只把变化的词标深:两侧各恰一个词级 span,文本=变化词 (2.8s)
  ✓  428 e2e/dead-buttons.spec.ts:458:1 › more menu 完成 opens the accept dialog on the review surface (#318) (4.3s)
  ✓  429 e2e/dialog-viewport.spec.ts:161:1 › accept(34): 取消/完成在视口 (3.6s)
  ✓  430 e2e/diff-word-highlight.spec.ts:80:1 › 不等长 run 按 min(m,n) 配对,落单 del 保持整行高亮零词级 span (3.1s)
  ✓  426 e2e/composer-inline-mention.spec.ts:641:1 › chips: Enter-select renders the file chip with a fresh pop (9.2s)
  ✓  431 e2e/dead-buttons.spec.ts:472:1 › more menu 关闭 is phase-gated by the server funnel edges (#318) (3.9s)
  ✓  433 e2e/diff-word-highlight.spec.ts:90:1 › marker 行不隔断配对(r8 72 形):长行对照常出词级 span (3.0s)
  ✓  432 e2e/dialog-viewport.spec.ts:174:1 › schedules 新建定时(900×420): 封顶、body 内滚、取消/保存/X 恒在视口 (#1037) (3.9s)
  ✓  435 e2e/dead-buttons.spec.ts:488:1 › todo-phase 开始 fires orchestration directly — no start dialog (#640) (1.2s)
  ✓  436 e2e/diff-word-highlight.spec.ts:100:1 › 超限对退回整行高亮且不静默:data-word=capped + 非空 title,零词级 span (2.0s)
  ✓  437 e2e/escape-wiring.spec.ts:76:1 › 开着的层不被重渲染重挂 Escape 接线：URL 写回后单次 Escape 仍收层 (2.7s)
  ✓  438 e2e/dead-buttons.spec.ts:497:1 › failed rerun dialog is the slim single-exit face — no agent selector, no split switch, no plan/run branch (#640) (1.9s)
  ✓  439 e2e/diff-word-highlight.spec.ts:111:1 › 词级 span 不吃空白:行文本与 fixture 逐字节一致 (1.5s)
  ✓  434 e2e/composer-inline-mention.spec.ts:661:1 › chips: agent select renders the agent chip (5.5s)
  ✓  441 e2e/dead-buttons.spec.ts:513:1 › reuse panel 查看方案 flips the doc pane to the plan face (#318) (2.4s)
  ✓  442 e2e/diff-word-highlight.spec.ts:120:1 › add-only hunk 零词级 span(27b 回归面,配对不误触发) (1.6s)
  ✓  440 e2e/escape-wiring.spec.ts:135:1 › 确认弹层不被根组件重渲染重挂 Escape 接线：⌘K 往返后单次 Escape 仍收层 (3.4s)
  ✓  445 e2e/diff-word-highlight.spec.ts:126:1 › plan-diff 面同路径接词级 span(scenario 72 的真 del/add 对) (2.4s)
  ✓  446 e2e/file-viewer.spec.ts:18:1 › viewer opens with the placeholder and no selected row (2.0s)
  ✓  444 e2e/dead-buttons.spec.ts:526:1 › project task rows and cards are real links to the todo detail (#318) (3.7s)
  ✓  447 e2e/diff-word-highlight.spec.ts:133:3 › 词级底色骑比整行底色更深的 token,非透明且可区分(light) (1.2s)
  ✓  448 e2e/file-viewer.spec.ts:26:1 › clicking a file row selects it and renders the file content (1.1s)
  ✓  443 e2e/composer-inline-mention.spec.ts:672:1 › chips: Tab and click render the identical chip (accept 路径一致） (5.3s)
  ✓  449 e2e/dead-buttons.spec.ts:544:1 › new-task dialog: the close control anchors to the head’s right edge (#574 re-key debt) (1.5s)
  ✓  450 e2e/diff-word-highlight.spec.ts:133:3 › 词级底色骑比整行底色更深的 token,非透明且可区分(dark) (2.1s)
  ✓  451 e2e/file-viewer.spec.ts:35:1 › selection survives a files/history seg round-trip (1.9s)
  ✓  454 e2e/fixture-mode-chip.spec.ts:25:1 › fixture mode shows the 示例数据 chip naming the scenario, site-wide (#1037) (1.6s)
  ✓  455 e2e/footer-copy.spec.ts:22:1 › C1: robot row copy puts the row text on the clipboard (1.7s)
  ✓  456 e2e/fixture-mode-chip.spec.ts:38:1 › the chip never swallows clicks — pointer-events-none (#1037) (854ms)
  ✓  452 e2e/composer-inline-mention.spec.ts:691:1 › chips: editing the path retires the chip; the pop plays only once (C8) (4.7s)
  ✓  457 e2e/footer-copy.spec.ts:31:1 › C2: plan card copy puts title + preview on the clipboard (1.7s)
  ✓  458 e2e/fixture-mode-chip.spec.ts:43:1 › live face renders no fixture chip (#1037) (1.5s)
  ✓  453 e2e/dead-buttons.spec.ts:566:1 › new-task dialog gates unsaved closes and resets on discard (#318) (4.4s)
  ✓  460 e2e/footer-copy.spec.ts:40:1 › C3: tools row copy puts pills and outputs on the clipboard (1.7s)
  ✓  461 e2e/github-issue-writeback.spec.ts:118:1 › 1. 已建成且一致：回显行 = 号 + 状态 + 上游标题，无漂移提示 (1.8s)
  ✓  462 e2e/dead-buttons.spec.ts:619:1 › detail transcript action rows carry no restore glyph (#884) (1.6s)
  ✓  463 e2e/footer-copy.spec.ts:48:1 › C4: chevron renders only where it expands the tool group (1.0s)
  ✓  459 e2e/composer-inline-mention.spec.ts:712:1 › chips: the strip yields while the listbox is open (C6) (3.3s)
  ✓  464 e2e/github-issue-writeback.spec.ts:132:1 › 2. 不一致：中性提示出现，本地标题不被覆盖（D5 只提示不覆盖） (1.3s)
  ✓  466 e2e/machine-add-dialog.spec.ts:30:1 › 添加机器 button opens the dialog with the two-step command blocks (1.8s)
  ✓  465 e2e/hotkeys.spec.ts:208:1 › C on the board opens the new-task dialog; ⌘C and the retired N do not (3.2s)
  ✓  468 e2e/github-issue-writeback.spec.ts:149:1 › 3. 拉不到（echo 404）：整行隐藏，页面无错误态 (2.0s)
  ✓  467 e2e/composer-inline-mention.spec.ts:738:1 › five-kind: bare @ lists all five kinds in roster order (2.5s)
  ✓  470 e2e/hotkeys.spec.ts:228:1 › sidebar 新任务 row carries the C badge and click-opens the dialog (2.4s)
  ✓  472 e2e/composer-inline-mention.spec.ts:751:1 › five-kind: skill Tab-inserts the scheme token and the chip confirms (3.3s)
  ✓  469 e2e/machine-add-dialog.spec.ts:49:1 › family law: X, Escape and backdrop dismiss; panel clicks do not (4.1s)
  ✓  471 e2e/github-issue-writeback.spec.ts:159:1 › 4. 未建成：状态行 + 重试入口；重试成功 → 行升级为回显态（AC3） (3.3s)
  ✓  473 e2e/hotkeys.spec.ts:239:1 › C on a non-board route opens the dialog in place (1.7s)
  ✓  476 e2e/machine-authorize.spec.ts:32:1 › 无参到达 → idle 面（背板 + 卡 + 标题 + 引导语 + 生成授权链接钮） (1.4s)
  ✓  475 e2e/machine-add-dialog.spec.ts:65:1 › API key disclosure expands the key command and the api-keys link (1.8s)
  ✓  478 e2e/machine-authorize.spec.ts:41:1 › ?enroll=<id> + poll=pending → 待授权面（文案 + 确认授权钮） (951ms)
  ✓  474 e2e/composer-inline-mention.spec.ts:766:1 › five-kind: todo Enter-inserts the plain #seq token without sending (2.5s)
  ✓  477 e2e/hotkeys.spec.ts:249:1 › C on the project page opens the page’s own dialog (route project chip) (1.4s)
  ✓  479 e2e/machine-add-dialog.spec.ts:85:1 › copy buttons write their command to the clipboard (2.0s)
  ✓  480 e2e/machine-authorize.spec.ts:50:1 › ?enroll=<id> + poll=expired → 失效面（文案，无钮） (1.3s)
  ✓  481 e2e/hotkeys.spec.ts:264:1 › Space no longer opens the drawer; ⌘J does, composer focused, default consumed (2.3s)
  ✓  483 e2e/machines-chief-state.spec.ts:28:1 › 总管主机徽标：钉在 host 行（data-orchestration=host + 文案） (1.4s)
  ✓  482 e2e/composer-inline-mention.spec.ts:782:1 › five-kind: project click inserts the scheme token and the chip confirms (2.8s)
  ✓  484 e2e/machine-authorize.spec.ts:57:1 › ?enroll=<id> + poll=authorized → 完成面（文案 + machineId 元信息） (1.7s)
  ✓  486 e2e/machines-chief-state.spec.ts:36:1 › 总管回合进行中：running 状态行在在线远端行 (900ms)
  ✓  485 e2e/hotkeys.spec.ts:304:1 › ⌘J wakes the chief drawer on a non-board route (1.7s)
  ✓  488 e2e/machines-local.spec.ts:32:1 › 本机行钉列表首：data-kind=local + id 句柄 + hostname canon (1.5s)
  ✓  489 e2e/machines-chief-state.spec.ts:42:1 › 总管等待机器：waiting 状态行在离线远端行（与离线灰点正交共存） (1.2s)
  ✓  490 e2e/hotkeys.spec.ts:314:1 › editable focus swallows C and ⌘J — the c lands IN the input (1.4s)
  ✓  492 e2e/machines-chief-state.spec.ts:51:1 › 读态零控件：标注容器内零 button / 零 menu 语义（死钮纪律保持） (1.1s)
  ✓  491 e2e/machines-local.spec.ts:41:1 › 托管 facade 行已除（spec 11 A8 负向） (1.1s)
  ✓  487 e2e/composer-inline-mention.spec.ts:794:1 › five-kind: machine Enter-inserts without sending; second Enter sends (3.3s)
  ✓  493 e2e/hotkeys.spec.ts:332:1 › textarea focus (chief composer) swallows C (1.4s)
  ✓  494 e2e/machines-chief-state.spec.ts:62:1 › 存量零漂移：无标注数据（06 canon 面）不长任何标注节点 (958ms)
  ✓  495 e2e/machines-local.spec.ts:49:1 › per-runtime 品牌 mark：两个在位 + 亮度分态 = enabledRuntimes canon (1.5s)
  ✓  496 e2e/machines-shell-switch.spec.ts:108:1 › 每行开关读自己的记录真值（本机开 / 接入机关） (1.6s)
  ✓  498 e2e/machines-chief-state.spec.ts:68:1 › 行高契约保持：标注行不破行高（首行 60 / 分隔行 59+1px） (1.3s)
  ✓  499 e2e/machines-local.spec.ts:77:1 › 行内控件面 = shell 开关 + 并发选择器两个（XMON-113 + #1108；死钮仍无） (1.5s)
  ✓  497 e2e/hotkeys.spec.ts:346:1 › Space on a focused button activates it natively; ⌘J fires past button focus (2.6s)
  ✓  500 e2e/machines-shell-switch.spec.ts:123:1 › 接入机行同样有开关：授权面覆盖非本机机器 (2.0s)
  ✓  502 e2e/machines-local.spec.ts:93:1 › 副行只剩 shell 开关说明（#503 的 id 尾巴 / · max 死显示不许回来） (1.0s)
  ✓  501 e2e/mention-picker-center.spec.ts:15:1 › mention picker stays centered in the production bundle (#448) (2.1s)
  ✓  503 e2e/hotkeys.spec.ts:381:1 › ⌘J toggles: the second press closes the drawer from its own composer focus (1.6s)
  ✓  505 e2e/machines-local.spec.ts:103:1 › 本机行不可删：行内无删除类控件（负向） (990ms)
  ✓  506 e2e/merge-reject.spec.ts:191:1 › 看板入口：执行 Agent 缺「推送分支」时完成钮禁用并点名缺项 (1.2s)
  ✓  504 e2e/machines-shell-switch.spec.ts:129:1 › 拨 on：PATCH 单字段 {shellEnabled:true}，刷新后仍 on（读侧真值一致） (2.0s)
  ✓  508 e2e/machines-local.spec.ts:109:1 › 行无 chevron 可点感装饰（spec 11 A7 负向） (829ms)
  ✓  507 e2e/hotkeys.spec.ts:401:1 › ⌘J toggle rides the non-board singleton hook too (schedules) (1.4s)
  ✓  511 e2e/machines-local.spec.ts:122:1 › mark 几何：16×16 mark，on/off 透明度分离，行高契约不破 (961ms)
  ✓  509 e2e/merge-reject.spec.ts:199:1 › 详情入口：同一 Agent 在同一弹层上禁用并点名缺项 (1.7s)
  ✓  510 e2e/machines-shell-switch.spec.ts:149:1 › 拨 off：同律回写 false 并持久 (1.8s)
  ✓  512 e2e/hotkeys.spec.ts:410:1 › FAB click stays open-only; ⌘J closes what the click opened (1.6s)
  ✓  515 e2e/machines-shell-switch.spec.ts:163:1 › 响应在途期间即显示新态（乐观更新，不等服务器回执） (1.1s)
  ✓  514 e2e/merge-reject.spec.ts:207:1 › 非空授权集里两项都缺时，两处开关都被点名 (1.3s)
  ✓  516 e2e/hotkeys.spec.ts:425:1 › the robot FAB surfaces the ⌘J hint on hover; at rest it stays hidden (1.2s)
  ✓  517 e2e/machines-shell-switch.spec.ts:181:1 › PATCH 失败：开关回滚 + 可见错误反馈 (1.7s)
  ✓  519 e2e/hotkeys.spec.ts:441:1 › a wake-family route carries the same ⌘J hint (single root FAB) (1.4s)
  ✓  518 e2e/merge-reject.spec.ts:214:1 › 空授权集照拦（#994）：显式全关 = 一无授权，两处入口都禁用并点名两项 (2.9s)
  ✓  520 e2e/machines-shell-switch.spec.ts:199:1 › 保存成功后不留错误行 (1.3s)
  ✓  521 e2e/hotkeys.spec.ts:456:1 › the collapsed rail search icon hovers the ⌘K hint (1.2s)
  ✓  522 e2e/merge-reject.spec.ts:233:1 › 两项都开时不拦：完成钮可点，无缺项提示 (1.6s)
  ✓  524 e2e/hotkeys.spec.ts:469:1 › the drawer new-thread + hovers the N hint and advertises aria-keyshortcuts (1.7s)
  ✓  523 e2e/machines-shell-switch.spec.ts:213:1 › C1+C2+C4：并发选择器——读标注真值、PATCH 单字段、刷新持久 (2.1s)
  ✓  525 e2e/merge-reject.spec.ts:239:1 › 看板入口：server 真拒（403）时弹层不关，server 文案原样显出 (1.4s)
  ✓  527 e2e/machines-shell-switch.spec.ts:235:1 › C3：老 server 形（无 maxConcurrent 字段）→ 控件与读标注整组退场 (883ms)
  ✓  526 e2e/hotkeys.spec.ts:486:1 › with the drawer closed, N stays retired — neither drawer nor dialog opens (1.6s)
  ✓  528 e2e/merge-reject.spec.ts:257:1 › 合并成功（202）时弹层照常关，不留错误行 (1.6s)
  ✓  529 e2e/newtask-machine-persist.spec.ts:65:1 › the picked machine survives a reload (2.1s)
  ✓  530 e2e/hotkeys.spec.ts:531:1 › ⌘↵ and Ctrl+↵ inside the dialog fire 保存并开始 (card lands, dialog closes) (2.0s)
  ✓  531 e2e/newtask-machine-pin.spec.ts:43:1 › the machine chip renders with the 自动 default label (994ms)
  ✓  532 e2e/newtask-machine-persist.spec.ts:82:1 › a remembered machine that is gone falls back to 自动 without a dangling pin (1.4s)
  ✓  513 e2e/newtask-dismiss-gesture.spec.ts:27:1 › outside-press cycles: every gesture closes exactly the popover layer (11.8s)
  ✓  534 e2e/newtask-machine-pin.spec.ts:49:1 › the popover lists the 自动 row and the scenario machine row (1.3s)
  ✓  533 e2e/hotkeys.spec.ts:550:1 › with the dialog closed, ⌘↵ on the board lands nothing (1.8s)
  ✓  535 e2e/newtask-machine-persist.spec.ts:102:1 › a remembered offline machine is kept and honestly shown offline (1.0s)
  ✓  537 e2e/newtask-machine-pin.spec.ts:58:1 › selecting the machine row backfills the chip label (1.6s)
  ✓  538 e2e/hotkeys.spec.ts:566:1 › ⌘↵ with an empty spec creates nothing (the button gate holds on the chord) (2.4s)
  ✓  539 e2e/newtask-machine-persist.spec.ts:119:1 › picking 自动 clears the memory and a reload stays on 自动 (2.4s)
  ✓  540 e2e/newtask-machine-pin.spec.ts:76:1 › Esc closes the machine popover only — the dialog stays open (2.2s)
  ✓  542 e2e/newtask-machine-persist.spec.ts:138:1 › with nothing stored the chip starts on 自动 (1.2s)
  ✓  541 e2e/hotkeys.spec.ts:581:1 › ⌘↵ under the 未保存闸 confirm layer saves nothing (the layer owns the screen) (2.5s)
  ✓  536 e2e/newtask-dismiss-gesture.spec.ts:39:1 › escape cycles: every gesture closes exactly the popover layer (6.1s)
  ✓  544 e2e/newtask-project-persist.spec.ts:52:1 › the picked project survives a reload (1.9s)
  ✓  545 e2e/hotkeys.spec.ts:605:1 › plain ↵ in the spec textarea stays the newline key — no hijack (1.1s)
  ✓  543 e2e/newtask-machine-pin.spec.ts:85:1 › chip selection survives close and reopen via memory, 自动 clears it (#758) (2.5s)
  ✓  546 e2e/newtask-dismiss-gesture.spec.ts:48:1 › negative control: with no inner layer open, backdrop click still closes the dialog (1.2s)
  ✓  547 e2e/newtask-project-persist.spec.ts:66:1 › a remembered project that is gone falls back to the first row (1.3s)
  ✓  548 e2e/hotkeys.spec.ts:617:1 › the 保存并开始 button carries a visible ⌘↵ badge at rest (1.1s)
  ✓  550 e2e/newtask-dismiss-gesture.spec.ts:59:1 › negative control: with no inner layer open, Escape still closes the dialog (1.4s)
  ✓  549 e2e/newtask-machine-pin.spec.ts:110:1 › a machine-selected save still lands the fixture card (2.0s)
  ✓  551 e2e/newtask-project-persist.spec.ts:79:1 › with nothing stored the chip starts on the first row (1.5s)
  ✓  552 e2e/hotkeys.spec.ts:628:1 › Tab cycles the dialog’s project chip from the composer focus (2.0s)
  ✓  554 e2e/newtask-project-select.spec.ts:46:1 › the project chip opens the project listbox with the scenario rows (1.7s)
  ✓  555 e2e/newtask-project-persist.spec.ts:85:1 › the anchored project page keeps its route project while the board honors the memory (1.9s)
  ✓  553 e2e/newtask-dismiss-gesture.spec.ts:70:1 › negative control: second escape after the popover closed takes the dialog down (2.2s)
  ✓  559 e2e/notify-banner.spec.ts:22:1 › permission=default → banner renders the canon copy (1.1s)
  ✓  556 e2e/hotkeys.spec.ts:655:1 › the chip cycles on Tab while the list is open; Shift+Tab keeps native movement (2.6s)
  ✓  558 e2e/newtask-single-field.spec.ts:30:1 › the dialog has no title input and no tag UI (1.4s)
  ✓  557 e2e/newtask-project-select.spec.ts:53:1 › row click selects and backfills the chip; the check moves on reopen (2.1s)
  ✓  560 e2e/notify-banner.spec.ts:34:1 › 开启 → requestPermission() fires; granted hides the bar (1.3s)
  ✓  562 e2e/newtask-single-field.spec.ts:38:1 › save buttons gate on the spec body, not a title (1.1s)
  ✓  561 e2e/hotkeys.spec.ts:686:1 › Tab off the driving seats stays native (mention button keeps its own walk) (1.3s)
  ✓  563 e2e/newtask-project-select.spec.ts:72:1 › a scenario without projectNames falls back to the canon default row (1.4s)
  ✓  564 e2e/notify-banner.spec.ts:48:1 › 开启 → denied resolution also hides the bar (1.0s)
  ✓  565 e2e/newtask-single-field.spec.ts:49:1 › fixture 保存 lands a card titled by the first line (1.6s)
  ✓  566 e2e/hotkeys.spec.ts:705:1 › the project chip hovers its Tab hint (hidden at rest) (1.6s)
  ✓  568 e2e/notify-banner.spec.ts:59:1 › scenarios without the flag never render the strip (962ms)
  ✓  567 e2e/newtask-project-select.spec.ts:80:1 › Escape closes the popover layer first, then the dialog (1.9s)
  ✓  570 e2e/hotkeys.spec.ts:720:1 › Tab cycles nothing while the 未保存闸 confirm layer is up (that layer owns the keyboard) (1.4s)
  ✓  569 e2e/newtask-single-field.spec.ts:60:1 › a >50-char first line is truncated with an ellipsis (1.4s)
  ✓  571 e2e/notify-click.spec.ts:277:3 › 推送通知点击闭环（XMON-106） › T1: 已开窗口点击 → 客户端路由到 href 且不整页重载，pending 槽被清 (1.3s)
  ✓  573 e2e/hotkeys.spec.ts:748:1 › with the dialog closed Tab stays native (1.1s)
  ✓  572 e2e/newtask-project-select.spec.ts:90:1 › outside click closes the popover layer only (1.8s)
  ✓  574 e2e/newtask-single-field.spec.ts:68:1 › autofocus lands on the spec textarea (1.7s)
  ✓  575 e2e/notify-click.spec.ts:310:3 › 推送通知点击闭环（XMON-106） › T2: 无已开窗口点击 → openWindow(href) + pending 槽交接，落地页消费路由 (2.7s)
  ✓  578 e2e/newtask-single-field.spec.ts:73:1 › Esc close returns focus to the invoking button (#388 族律；#445 触发位 = 侧栏行) (1.8s)
  ✓  579 e2e/notify-click.spec.ts:345:3 › 推送通知点击闭环（XMON-106） › T3b: SSE 通知 → 走 SW showNotification 且 href 逐类映射正确（页内构造器零调用） (1.2s)
  ✓  576 e2e/overlay-focus.spec.ts:49:3 › #15 focus ring收编 › click + key on 新建任务/topbar buttons: never the UA blue box (2.8s)
  ✓  580 e2e/plan-diff-full-file.spec.ts:20:1 › 初始态渲染 hunk 面与「显示完整文件」钮,无全文(初渲不污染) (753ms)
  ✓  577 e2e/page-scroll.spec.ts:183:1 › 总管设置三个长内容 tab 都能滚到底 (#1032) (3.4s)
  ✓  582 e2e/overlay-focus.spec.ts:101:3 › #15 focus ring收编 › Tab focus keeps the official ring (keyboard reachability preserved) (911ms)
  ✓  583 e2e/plan-diff-full-file.spec.ts:27:1 › 点击内联展开 to 版本全文:hunks 隐去、行号连续、钮翻转「显示差异」 (855ms)
  ✓  584 e2e/page-scroll.spec.ts:245:1 › 项目任务列表页能滚到底 (#1032) (922ms)
  ✓  585 e2e/overlay-focus.spec.ts:130:3 › #10 schedules 新建定时弹层 = registry Dialog 全屏族（fade-in） › scrim covers the full viewport — sidebar included (709ms)
  ✓  586 e2e/plan-diff-full-file.spec.ts:46:1 › 再点回到 hunk 面,钮文案翻回「显示完整文件」 (952ms)
  ✓  587 e2e/page-scroll.spec.ts:281:1 › 排期页能滚到底 (#1032) (929ms)
  ✓  588 e2e/overlay-focus.spec.ts:141:3 › #10 schedules 新建定时弹层 = registry Dialog 全屏族（fade-in） › Esc closes the overlay (830ms)
  ✓  590 e2e/page-scroll.spec.ts:295:1 › 项目设置页能滚到底 (#1032) (835ms)
  ✓  591 e2e/overlay-focus.spec.ts:148:3 › #10 schedules 新建定时弹层 = registry Dialog 全屏族（fade-in） › backdrop click closes; entry rides the registry fade-in (800ms)
  ✓  589 e2e/project-commit-detail.spec.ts:148:1 › C1+C2 点历史行 → 发详情请求，出 diff，元信息与行一致 (1.0s)
  ✓  581 e2e/notify-click.spec.ts:394:3 › 推送通知点击闭环（XMON-106） › T3a: SW 注册失败 → 回退页内 Notification，onclick 整页跳 href (4.2s)
  ✓  592 e2e/page-scroll.spec.ts:309:1 › 新建项目页能滚到底 (#1032) (793ms)
  ✓  593 e2e/overlay-focus.spec.ts:161:3 › #10 schedules 新建定时弹层 = registry Dialog 全屏族（fade-in） › X and 取消 close the fixture face too (no dead buttons) (1.9s)
  ✓  595 e2e/notify-click.spec.ts:423:3 › 推送通知点击闭环（XMON-106） › T4: chief 深链 → drawer 开在目标线程，参数一次性消费后从 URL 剥离 (1.2s)
  ✓  594 e2e/project-commit-detail.spec.ts:171:1 › C3 多提交来回切换不串数据（sha 进 queryKey） (1.8s)
  ✓  596 e2e/project-empty-new-task.spec.ts:32:1 › the empty-state 新建任务 button opens the new-task dialog (1.3s)
  ✓  598 e2e/project-files-local.spec.ts:26:1 › local 项目：files tab 开闸，FilesPane 渲染（分支 chip/文件行/历史 seg） (610ms)
  ✓  597 e2e/notify-click.spec.ts:438:3 › 推送通知点击闭环（XMON-106） › T4b: chief 深链指向不存在的线程 → 不开 drawer、参数照清 (1.1s)
  ✓  600 e2e/project-empty-new-task.spec.ts:36:1 › the dialog preselects the route project on its chip (1.0s)
  ✓  601 e2e/project-files-local.spec.ts:41:1 › local 项目：文件点击 → 查看器内容；历史 seg → 提交行 (819ms)
  ✓  599 e2e/project-commit-detail.spec.ts:193:1 › C4 选中态存 (projectId, sha)：SPA 切项目后旧 diff 不跟场 (1.4s)
  ✓  602 e2e/notify-click.spec.ts:453:3 › 推送通知点击闭环（XMON-106） › T5: 帐号开关关档（偏好覆盖）→ SSE 通知不弹；开回来即恢复（#1031） (1.2s)
  ✓  604 e2e/project-files-local.spec.ts:52:1 › local 项目：任务 tab 可点且往返 (1.1s)
  ✓  603 e2e/project-empty-new-task.spec.ts:41:1 › fixture 保存 lands the first task row with the 刚刚 label (1.4s)
  ✓  607 e2e/project-files-local.spec.ts:61:1 › 对照面：hosted 项目 files tab 照常（r2-24） (660ms)
  ✓  606 e2e/project-files-tree.spec.ts:130:1 › W1 顶层区分文件夹与文件：独立载体 + 图标不同形 (1.0s)
  ✓  608 e2e/project-empty-new-task.spec.ts:55:1 › Escape closes the dialog (929ms)
  ✓  605 e2e/project-commit-detail.spec.ts:213:1 › C5 详情不可达 → 人话降级（reason 分译），不白屏不空树 (2.6s)
  ✓  610 e2e/project-files-tree.spec.ts:145:1 › W2 点文件夹 → 重发 tree?path= 并列出内容；不发文件读请求 (1.1s)
  ✓  609 e2e/project-github-issues.spec.ts:178:1 › 1. 已连接 github 项目：入口 → 弹层 → 点选导入 → 详情见 issue 标题与全部标签 (1.4s)
  ✓  612 e2e/project-commit-detail.spec.ts:225:1 › C6 选中载体 aria-current + 关闭钮清选中回占位 (1.0s)
  ✓  611 e2e/project-new-dir-browser.spec.ts:143:1 › 422 unavailable → overlay 自动打开；Escape/点外部关闭后提示行仍在、输入不动 (1.7s)
  ✓  614 e2e/project-github-issues.spec.ts:203:1 › 2. local 项目：入口不渲染 (810ms)
  ✓  613 e2e/project-files-tree.spec.ts:158:1 › W3 面包屑：根段回顶层，中段回中间层，当前段有回显 (1.0s)
  ✓  615 e2e/project-commit-detail.spec.ts:241:1 › C7 hosted fixture（r2-24）：docs: README 行出 diff；种子空提交出定义态；关闭还原 (977ms)
  ✓  617 e2e/project-github-issues.spec.ts:210:1 › 3. 未连接 github 项目：入口不渲染，任务面正常不空白 (713ms)
  ✓  616 e2e/project-new-dir-browser.spec.ts:166:1 › 缺省起点 = server HOME（首请无 dir 参）；git 标记；dotfiles 默认隐藏 (1.2s)
  ✓  618 e2e/project-files-tree.spec.ts:183:1 › W4 同名文件跨目录：选中与预览按完整路径分流不串 (1.1s)
  ✓  619 e2e/project-commit-detail.spec.ts:263:1 › C7 local fixture（prj-local-files）：根提交 = 全文件新增 (801ms)
  ✓  622 e2e/project-files-tree.spec.ts:204:1 › W5 空目录 → 空态文案（不是白屏/永久加载） (826ms)
  ✓  620 e2e/project-github-issues.spec.ts:218:1 › 4. 状态过滤与分页参数直达请求面；hasMore=false 下一页禁用 (1.5s)
  ✓  621 e2e/project-new-dir-browser.spec.ts:185:1 › 点行名下钻 + 面包屑跳任意层级（含根） (1.5s)
  ✓  623 e2e/project-new-fs-pick.spec.ts:70:1 › 浏览钮只在 local 选态在场 (1.6s)
  ✓  625 e2e/project-new-github.spec.ts:48:1 › 1. 未认证点「GitHub 仓库」→ 认证钮 + 手动兜底链接，无 picker (996ms)
  ✓  626 e2e/project-new-dir-browser.spec.ts:204:1 › 单击「选择」→ 回填输入框 + basename 项目名联动 + 关 overlay (1.3s)
  ✓  627 e2e/project-new-fs-pick.spec.ts:79:1 › 选取成功：路径回填（含空格）+ basename 项目名回填律联动 (1.0s)
  ✓  628 e2e/project-new-github.spec.ts:58:1 › 2. fixture accept 律：点认证钮 → 已认证面，trigger 开 picker（空列表面） (971ms)
  ✓  624 e2e/project-files-tree.spec.ts:211:1 › W6 切目录加载期演加载态，落定后才判空 (2.4s)
  ✓  631 e2e/project-new-github.spec.ts:72:1 › 3. 着陆参 connected → picker 自动开 + 列表 3 行 + 清参，刷新不重放 (716ms)
  ✓  629 e2e/project-new-dir-browser.spec.ts:218:1 › dotfiles toggle：默认隐藏，toggle 后显示，aria-pressed 可断言 (1.0s)
  ✓  630 e2e/project-new-fs-pick.spec.ts:88:1 › 取消 = 静默 no-op：输入不动、无错误/提示行 (1.1s)
  ✓  632 e2e/project-files-tree.spec.ts:224:1 › W9 展示序：文件夹组置顶，组内字母序 (750ms)
  ✓  633 e2e/project-new-github.spec.ts:85:1 › 4. picker 搜索：q 命中过滤，无命中走空面文案 (1.0s)
  ✓  635 e2e/project-new-fs-pick.spec.ts:101:1 › unavailable 422：提示行 + 自动开应用内浏览器兜底；关闭后提示仍在，编辑即撤 (1.3s)
  ✓  634 e2e/project-new-dir-browser.spec.ts:232:1 › 记住上次位置：reload 后重开 = lastDir 起点 (2.2s)
  ✓  637 e2e/project-new-github.spec.ts:98:1 › 5. picker 单选 → trigger 回填 owner/repo + 项目名回填 repo 名 + 收面板 (1.4s)
  ✓  636 e2e/project-files-tree.spec.ts:232:1 › W8 tree 读失败 → 诚实态文案，不演空目录 (2.2s)
  ✓  641 e2e/project-files-tree.spec.ts:239:1 › W7 文件行零回归：点 blob → 选中态 + 查看器内容 (896ms)
  ✓  638 e2e/project-new-fs-pick.spec.ts:128:1 › 在飞期按钮 disabled，双击单发 (1.9s)
  ✓  639 e2e/project-new-dir-browser.spec.ts:249:1 › 空目录 = 空态文案，非白屏 (1.2s)
  ✓  640 e2e/project-new-github.spec.ts:110:1 › 6. 回填律：手改名称不覆盖；等于上次回填值时跟随再选 (1.8s)
  ✓  642 e2e/project-new-repo.spec.ts:140:1 › the 选择仓库 trigger lists exactly GitHub 仓库 and 本地文件夹 (790ms)
  ✓  643 e2e/project-new-fs-pick.spec.ts:141:1 › pick 结果覆盖对话框期间的手改路径（最后动作赢） (1.5s)
  ✓  644 e2e/project-new-dir-browser.spec.ts:259:1 › 子目录全被 dotfiles 隐藏 = 空态不谎称「没有子目录」，toggle 后现身 (1.5s)
  ✓  646 e2e/project-new-repo.spec.ts:153:1 › the GitHub row swaps the trigger for the auth face; manual link reveals the input (1.1s)
  ✓  647 e2e/project-settings-dead-buttons.spec.ts:17:1 › settings: target branch is a static chip, not a button (544ms)
  ✓  645 e2e/project-new-github.spec.ts:129:1 › 7. 手动兜底：picker footer 与未认证面链接都切回 owner/repo input (1.4s)
  ✓  648 e2e/project-new-dir-browser.spec.ts:274:1 › 超大目录 = 截断提示行 (1.6s)
  ✓  649 e2e/project-new-repo.spec.ts:168:1 › the 本地文件夹 row swaps the trigger for the path input; swap reopens (1.4s)
  ✓  650 e2e/project-settings-delete.spec.ts:29:1 › danger card renders and opens the project delete confirm (1.2s)
  ✓  651 e2e/project-new-github.spec.ts:142:1 › 7b. 未认证面手动链接 → input；swap 钮可回仓库菜单 (1.4s)
  ✓  653 e2e/project-new-repo.spec.ts:182:1 › switching forms drops the other face input (1.8s)
  ✓  655 e2e/project-new-github.spec.ts:152:1 › 8. 着陆参 error 三译 → 内联错误行（denied/state/exchange） (1.7s)
  ✓  656 e2e/project-new-repo.spec.ts:191:1 › Escape closes the repo popover (1.8s)
  ✓  652 e2e/project-new-dir-browser.spec.ts:284:1 › 列表 500 → overlay 内错误行，overlay 不关，面包屑仍可导航 (4.2s)
  ✓  654 e2e/project-settings-delete.spec.ts:40:1 › family-law close: 取消 / X / Esc / backdrop — nothing deleted, no navigation (4.5s)
  ✓  657 e2e/project-new-github.spec.ts:166:1 › 9. 断开钮 → 回未认证面（fixture accept 律） (3.1s)
  ✓  658 e2e/project-new-repo.spec.ts:199:1 › local path backfills the project name with the basename (1.4s)
  ✓  660 e2e/project-settings-delete.spec.ts:65:1 › confirm input gates the delete button — mismatch disables, exact match enables (2.2s)
  ✓  659 e2e/project-new-dir-browser.spec.ts:302:1 › lastDir 失效 400 → 自动回落缺省 HOME，不死端 (3.6s)
  ✓  662 e2e/project-new-repo.spec.ts:210:1 › a manual name edit stops the backfill; clearing resumes it (2.7s)
  ✓  663 e2e/project-settings-delete.spec.ts:81:1 › confirm deletes and lands on the board with the project row gone (2.0s)
  ✓  661 e2e/project-new-github.spec.ts:178:1 › 10. 行表键盘契约：焦点进列表、Arrow/typeahead 移动、Enter 选中生效、焦点归还 (3.8s)
  ✓  664 e2e/project-new-dir-browser.spec.ts:319:1 › 409 busy → 不开 overlay，仅提示行（#440 行为不动面） (3.3s)
  ✓  665 e2e/project-new-repo.spec.ts:224:1 › github owner/repo backfills the repo segment once valid (3.4s)
  ✓  666 e2e/project-tasks-toolbar.spec.ts:37:1 › view toggle swaps rows for grid cards and persists (2.9s)
  ✓  667 e2e/provider-add-dialog.spec.ts:46:1 › topbar 新建 opens the picker: 38 preset rows, search, 自定义端点 entry, no dead submit (2.7s)
  ✓  669 e2e/project-new-repo.spec.ts:243:1 › the name input focus ring is the registry ring, not the UA default (1.2s)
  ✓  670 e2e/project-tasks-toolbar.spec.ts:62:1 › a seeded grid key boots the grid without a gesture (1.5s)
  ✓  668 e2e/project-new-dir-browser.spec.ts:329:1 › pick 未分类错（500 无 reason）→ 不开 overlay，原文直透提示行 (2.0s)
  ✓  671 e2e/provider-add-dialog.spec.ts:60:1 › search filters by display name and id, case-insensitive; empty query restores 38 (2.0s)
  ✓  672 e2e/project-new-repo.spec.ts:261:1 › untouched submit posts a repo-less body and navigates on 201 (1.8s)
  ✓  675 e2e/provider-add-dialog.spec.ts:78:1 › OAuth badge rides wired family rows only (github-copilot); codex unwired carries a note, xai none (2.2s)
  ✓  674 e2e/provider-oauth.spec.ts:32:1 › OAuth 徽标只骑已接线族(GitHub Copilot),codex 未接线行无徽标,xai 无徽标 (2.5s)
  ✓  673 e2e/project-tasks-toolbar.spec.ts:72:1 › filter menu options cut the list and close on select (4.4s)
  ✓  677 e2e/provider-add-dialog.spec.ts:98:1 › 自定义端点 opens the existing form (fields and defaults unchanged); 返回 walks back (2.0s)
  ✓  678 e2e/provider-oauth.spec.ts:54:1 › codex 未接线行点击零动作:不关窗、不进表单 (1.4s)
  ✓  680 e2e/provider-add-dialog.spec.ts:120:1 › api_key row enters its preset key form prefilled; xai form shows the oauthLabel (1.8s)
  ✓  679 e2e/project-tasks-toolbar.spec.ts:105:1 › family law: Escape, outside click and re-click all close the menu (2.3s)
  ✓  681 e2e/provider-oauth.spec.ts:63:1 › fixture 面点已接线徽标行 = accept 律(关窗),重开列表仍在 (2.1s)
  ✓  676 e2e/project-new-repo.spec.ts:273:1 › local and github submits carry kind + their wire field (5.7s)
  ✓  684 e2e/provider-oauth.spec.ts:72:1 › 着陆参 oauth=error&reason=denied 自动重开弹窗 + 文案 + 清参 (1.5s)
  ✓  683 e2e/project-tasks-toolbar.spec.ts:129:1 › sort orders: 默认 source order, 最近更新 newest first, 标题 ascending (2.5s)
  ✓  686 e2e/provider-oauth.spec.ts:83:1 › 着陆参 oauth=error&reason=exchange 走交换失败文案 (1.1s)
  ✓  682 e2e/provider-add-dialog.spec.ts:137:1 › family law: X, Escape and backdrop dismiss; panel clicks do not (3.2s)
  ✓  688 e2e/provider-oauth.spec.ts:92:1 › 着陆参 oauth=error&reason=state 走过期文案 + 重开弹窗 (912ms)
  ✓  687 e2e/project-tasks-toolbar.spec.ts:156:1 › search filters by title; no-match shows the match line, not 暂无内容 (1.5s)
  ✓  685 e2e/project-new-repo.spec.ts:292:1 › empty local path / invalid github ref keep 创建项目 disabled (3.9s)
  ✓  689 e2e/provider-add-dialog.spec.ts:153:1 › providerId/label/baseUrl gate the submit; protocol segment swaps (2.0s)
  ✓  691 e2e/project-tasks-toolbar.spec.ts:181:1 › filter and search compose (1.6s)
  ✓  690 e2e/provider-oauth.spec.ts:99:1 › 着陆参 oauth=connected 静默：不弹窗、无错误行 (2.4s)
  ✓  694 e2e/providers-tabs.spec.ts:30:1 › tablist = 恰 pi / Claude Code 两 tab，默认选中 pi (1.3s)
  ✓  692 e2e/project-new-repo.spec.ts:315:3 › a 400 localPath reason renders the error row: 路径不存在 (2.4s)
  ✓  696 e2e/providers-tabs.spec.ts:42:1 › pi tab：fixture 模型行 + facade/38 项负向 + 无可点感装饰 (988ms)
  ✓  693 e2e/provider-add-dialog.spec.ts:173:1 › fixture submit closes the dialog (accept 律) and reopens a clean picker (3.1s)
  ✓  698 e2e/providers-tabs.spec.ts:59:1 › 切 Claude Code tab：aria-selected 翻转 + ?runtime= 写入（scenario 保留） (1.6s)
  ✓  695 e2e/reject-chain.spec.ts:14:1 › reject loop: 请求修改 → v2 → diff → 确认 (4.3s)
  ✓  697 e2e/project-new-repo.spec.ts:315:3 › a 400 localPath reason renders the error row: 不是 git 仓库 (4.0s)
  ✓  700 e2e/providers-tabs.spec.ts:79:1 › 深链 ?runtime=claude-code 直落，刷新后 tab 定位保持 (1.8s)
  ✓  701 e2e/rerun-close-family.spec.ts:20:3 › X button closes the rerun dialog (scenario 56) (1.9s)
  ✓  699 e2e/provider-add-dialog.spec.ts:194:1 › model rows keep the submit reachable (dialog body scrolls) (4.0s)
  ✓  703 e2e/providers-tabs.spec.ts:93:1 › header 卡：runtime 名 + 说明 + 「已安装在 <hostname>」（两 tab 同构） (1.8s)
  ✓  704 e2e/rerun-close-family.spec.ts:28:3 › Escape closes the rerun dialog (scenario 56) (1.7s)
  ✓  705 e2e/resource-back-spa.spec.ts:53:1 › agent detail back is an in-SPA navigation, not a document reload (1.8s)
  ✓  702 e2e/project-new-repo.spec.ts:315:3 › a 400 localPath reason renders the error row: 需要绝对路径 (2.9s)
  ✓  706 e2e/providers-tabs.spec.ts:108:1 › settings.json 缺失分支：header 转「未安装」指引态，模型行零渲染不崩 (1.9s)
  ✓  707 e2e/rerun-close-family.spec.ts:36:3 › backdrop click closes the rerun dialog (scenario 56); panel clicks do not (1.3s)
  ✓  708 e2e/resource-back-spa.spec.ts:62:1 › skills back is an in-SPA navigation, not a document reload (1.5s)
  ✓  710 e2e/providers-tabs.spec.ts:130:1 › #1050 装了 + 已登录：细字行报版本与路径，无「未登录」角标 (1.3s)
  ✓  711 e2e/rerun-close-family.spec.ts:20:3 › X button closes the reuse panel (scenario 75) (1.3s)
  ✓  709 e2e/project-new-repo.spec.ts:315:3 › a 400 localPath reason renders the error row: invalid body at localPath: case none (2.4s)
  ✓  714 e2e/rerun-close-family.spec.ts:28:3 › Escape closes the reuse panel (scenario 75) (1.3s)
  ✓  713 e2e/providers-tabs.spec.ts:143:1 › #1050 装了 + 未登录：细字行尾出「未登录」角标（主句不变） (1.3s)
  ✓  712 e2e/review-reject.spec.ts:137:1 › FM1/FM2: 静息 review 发送 = steps revision 动作面，draft 清空、chip 即时翻规划中 (2.0s)
  ✓  717 e2e/providers-tabs.spec.ts:156:1 › #1050 装了 + 没配：主句转「已安装，未配置模型槽」+ 配置补法句，模型行零渲染 (1.5s)
  ✓  716 e2e/rerun-close-family.spec.ts:36:3 › backdrop click closes the reuse panel (scenario 75); panel clicks do not (2.1s)
  ✓  715 e2e/schedules-live.spec.ts:83:1 › live face: 保存 fires POST /api/schedules with the form state (#1037) (3.6s)
  ✓  719 e2e/providers-tabs.spec.ts:175:1 › #1050 没装（bin: null = 探过了没有）：主句「未安装」+ 安装指引 + 零细字行 (1.5s)
  ✓  720 e2e/rerun-close-family.spec.ts:49:1 › reuse panel back button returns to the rerun dialog (1.9s)
  ✓  718 e2e/review-reject.spec.ts:178:1 › FM3: 更多菜单出现「请求修改」入口，弹层收反馈后走同一动作面 (4.7s)
  ✓  722 e2e/providers-tabs.spec.ts:189:1 › #1050 配置文件在但二进制没了：不再假报「已安装在」（旧行为是假绿） (1.4s)
  ✓  721 e2e/search-close-flash.spec.ts:63:1 › 第二下 Ctrl+K 关闭不闪：退出透明度单调递减 (3.1s)
  ✓  723 e2e/search-focus.spec.ts:87:1 › ⌘K focuses the input — direct typing produces results (2.0s)
  ✓  725 e2e/providers-tabs.spec.ts:199:1 › #1050 bin 键缺席（老 daemon 没探过）：维持只看 installed 的旧行为，不写「未知」 (1.1s)
  ✓  724 e2e/review-reject.spec.ts:212:1 › FM3 边界: 非 review 相位（live building）更多菜单不渲染打回行 (2.7s)
  ✓  726 e2e/search-close-flash.spec.ts:88:1 › 三连击：关→开落在开态且输入聚焦 (2.0s)
  ✓  727 e2e/search-focus.spec.ts:103:1 › mid-exit reopen refocuses the retained input (2.1s)
  ✓  728 e2e/providers-tabs.spec.ts:212:1 › 几何：tablist/header/模型行卡同贴内容列左缘，tab 序 pi 左 claude-code 右 (2.6s)
  ✓  729 e2e/review-reject.spec.ts:222:1 › FM4: 运行中 review（claimed 步在场）发送保持 steer 语义，不抢动作面 (2.8s)
  ✓  731 e2e/search-focus.spec.ts:118:1 › scrim 可点关: clicking the dark area closes the panel (1.8s)
  ✓  730 e2e/search-result-rows.spec.ts:65:1 › 结果行点击 → 面板关闭 + 跳 todo 详情 (2.1s)
  ✓  732 e2e/secret-add-dialog.spec.ts:24:1 › topbar 新建 opens the 添加密钥 dialog with the captured fields (2.3s)
  ✓  735 e2e/search-result-rows.spec.ts:76:1 › 前往行点击 → 面板关闭 + 跳对应路由 (1.3s)
  ✓  734 e2e/search-focus.spec.ts:129:1 › 常亮互斥: page-layer pill dims while the panel is open, restores on close (2.7s)
  ✓  733 e2e/review-reject.spec.ts:265:1 › FM2: 打回被拒（409 竞态）draft 逐字保留 + 提示行显性，不静默吞 (3.1s)
  ✓  736 e2e/secret-add-dialog.spec.ts:38:1 › family law: X, Escape and backdrop dismiss; panel clicks do not (3.8s)
  ✓  737 e2e/search-result-rows.spec.ts:85:1 › 静息无常亮;hover 哪行亮哪行,且只亮一行 (3.3s)
  ✓  738 e2e/search-focus.spec.ts:153:1 › 常亮互斥 holds on the collapsed rail form (2.6s)
  ✓  739 e2e/segmented-controls.spec.ts:90:1 › page-tab: unselected hover steps the chip ink — dark + light (2.9s)
  ✓  741 e2e/secret-add-dialog.spec.ts:54:1 › empty name or value keeps the submit disabled; filling lifts it (2.6s)
  ✓  740 e2e/search-result-rows.spec.ts:103:1 › ↑↓ 键盘光标接管高亮;Enter 跳光标行 (3.4s)
  ✓  742 e2e/search-focus.spec.ts:182:1 › the caret is not clipped where it meets the input edge (3.4s)
  ✓  743 e2e/segmented-controls.spec.ts:106:1 › page-tab: selected chip keeps its fill under hover, same geometry as the rest state (3.6s)
  ✓  744 e2e/secret-add-dialog.spec.ts:64:1 › fixture submit closes the dialog (accept 律) (3.6s)
  ✓  745 e2e/search-result-rows.spec.ts:123:1 › 鼠标一动让位:键盘光标交还 hover (4.0s)
  ✓  747 e2e/segmented-controls.spec.ts:143:1 › page-tab group rides the registry TabsList form (bg-muted, 32px, 3px inset) (2.3s)
  ✓  746 e2e/shadcn-primitives.spec.ts:28:1 › avatar 落点：侧栏人像 / 看板执行者面共用同一个 components/ui 落点 (5.4s)
  ✓  749 e2e/sidebar-nav.spec.ts:37:1 › nav rows hop client-side: no reload, pill + aria-current follow (2.4s)
  ✓  748 e2e/shell-consistency.spec.ts:106:5 › the root FAB wakes the window on every shell family › board: the root FAB opens the window, minimize returns to the surface (3.0s)
  ✓  750 e2e/segmented-controls.spec.ts:169:1 › page-tab click swaps the active chip and the pane (2.2s)
  ✓  751 e2e/shadcn-primitives.spec.ts:48:1 › avatar 落点定尺盒（#983/#1003）：Root 生成真盒承上游发丝环，img 几何不变 (1.2s)
  ✓  752 e2e/sidebar-nav.spec.ts:52:1 › subrow and team name hop client-side too (1.6s)
  ✓  753 e2e/shell-consistency.spec.ts:106:5 › the root FAB wakes the window on every shell family › pages: the root FAB opens the window, minimize returns to the surface (1.5s)
  ✓  755 e2e/shadcn-primitives.spec.ts:81:1 › kbd 落点：悬浮提示 = registry Tooltip+Kbd 组合，静息不挂载 / 悬浮浮出 (1.1s)
  ✓  756 e2e/sidebar-nav.spec.ts:71:1 › rail rows hop client-side (1.4s)
  ✓  754 e2e/segmented-controls.spec.ts:182:1 › sched freq: dark active chip reads against the container, hover steps the rest ink (2.8s)
  ✓  757 e2e/shell-consistency.spec.ts:106:5 › the root FAB wakes the window on every shell family › resources: the root FAB opens the window, minimize returns to the surface (1.8s)
  ✓  759 e2e/sidebar-nav.spec.ts:81:1 › 安装 App entries are gone from both sidebar states (768ms)
  ✓  758 e2e/shadcn-primitives.spec.ts:98:1 › tag-chip 落点：落在 registry Badge 上，别名类保留、几何单档 20px 正本 (1.6s)
  ✓  763 e2e/sidebar-seam.spec.ts:23:5 › sidebar seam + full-width divider (dogfood 裁决 v2) › board expanded: 1px seam replaces the floating shadow, divider aligns with the topbar border (light) (848ms)
  ✓  762 e2e/sidebar-nav.spec.ts:90:1 › collapsed rail carries no install icon (880ms)
  ✓  760 e2e/segmented-controls.spec.ts:207:1 › files seg + tasks view toggle: hover steps the unselected ink (dark) (1.7s)
  ✓  761 e2e/shell-consistency.spec.ts:106:5 › the root FAB wakes the window on every shell family › secondary: the root FAB opens the window, minimize returns to the surface (1.6s)
  ✓  764 e2e/sidebar-seam.spec.ts:64:5 › sidebar seam + full-width divider (dogfood 裁决 v2) › team page: the r7 12 active pill geometry survives the divider row (light) (654ms)
  ✓  765 e2e/sidebar-nav.spec.ts:97:1 › /zh/install redirects to /app (unmatched-path divergence, 01 §8) (678ms)
  ✓  768 e2e/sidebar-seam.spec.ts:80:5 › sidebar seam + full-width divider (dogfood 裁决 v2) › rail: seam inherits, toggle divider aligns with the topbar border row (light) (1.1s)
  ✓  767 e2e/shell-consistency.spec.ts:106:5 › the root FAB wakes the window on every shell family › detail: the root FAB opens the window, minimize returns to the surface (1.7s)
  ✓  766 e2e/segmented-controls.spec.ts:220:1 › user-menu 外观 seg: hover tints, click switches the theme (1.7s)
  ✓  769 e2e/sidebar-nav.spec.ts:103:1 › hover tints the row pill — dark default + light theme (1.5s)
  ✓  770 e2e/sidebar-seam.spec.ts:112:5 › sidebar seam + full-width divider (dogfood 裁决 v2) › pages shell: the divider runs full width on schedules too (light) (965ms)
  ✓  772 e2e/segmented-controls.spec.ts:236:1 › branch-dialog seg: hover tints Git, click swaps the tab body (1.8s)
  ✓  771 e2e/shell-consistency.spec.ts:134:3 › sidebar form is route-invariant › expanded sidebar keeps identical geometry across /app ↔ /app/team ↔ resources hops (1.9s)
  ✓  773 e2e/sidebar-nav.spec.ts:121:1 › rail hover tints the 24px pill (1.6s)
  ✓  774 e2e/sidebar-seam.spec.ts:133:5 › sidebar seam + full-width divider (dogfood 裁决 v2) › resources: the full-width line reads one color across the seam (light) (1.3s)
  ✓  775 e2e/segmented-controls.spec.ts:257:1 › team layout toggle: registry default Tabs form (muted group, background chip, no ring) (851ms)
  ✓  776 e2e/shell-consistency.spec.ts:154:3 › sidebar form is route-invariant › the brand head holds its inner geometry across the /app → /app/team hop (1.4s)
  ✓  778 e2e/sidebar-seam.spec.ts:23:5 › sidebar seam + full-width divider (dogfood 裁决 v2) › board expanded: 1px seam replaces the floating shadow, divider aligns with the topbar border (dark) (1.1s)
  ✓  777 e2e/sidebar-nav.spec.ts:131:1 › selected row keeps its own pill under hover (1.8s)
  ✓  781 e2e/sidebar-seam.spec.ts:64:5 › sidebar seam + full-width divider (dogfood 裁决 v2) › team page: the r7 12 active pill geometry survives the divider row (dark) (739ms)
  ✓  779 e2e/segmented-controls.spec.ts:287:1 › chief tabs: hover tints, click swaps the view (1.5s)
  ✓  780 e2e/shell-consistency.spec.ts:170:3 › sidebar form is route-invariant › collapsed rail survives route hops (storage-backed on every shell) (1.1s)
  ✓  782 e2e/sidebar-search-offboard.spec.ts:21:3 › secondary page: search row opens the shared panel, Esc closes it (1.1s)
  ✓  783 e2e/sidebar-seam.spec.ts:80:5 › sidebar seam + full-width divider (dogfood 裁决 v2) › rail: seam inherits, toggle divider aligns with the topbar border row (dark) (749ms)
  ✓  784 e2e/segmented-controls.spec.ts:305:1 › chief tabs: indicator pill slides between chips — 150ms ease on left/top/width/height (1.4s)
  ✓  785 e2e/shell-consistency.spec.ts:187:3 › sidebar form is route-invariant › the collapse toggle works off-board and the state rides back (1.2s)
  ✓  787 e2e/sidebar-seam.spec.ts:112:5 › sidebar seam + full-width divider (dogfood 裁决 v2) › pages shell: the divider runs full width on schedules too (dark) (767ms)
  ✓  786 e2e/sidebar-search-offboard.spec.ts:21:3 › resources page: search row opens the shared panel, Esc closes it (1.1s)
  ✓  790 e2e/sidebar-seam.spec.ts:133:5 › sidebar seam + full-width divider (dogfood 裁决 v2) › resources: the full-width line reads one color across the seam (dark) (723ms)
  ✓  789 e2e/shell-consistency.spec.ts:206:1 › team route carries no subscription surface (743ms)
  ✓  788 e2e/segmented-controls.spec.ts:387:1 › chief tabs: reduced motion freezes the pill slide (#644) (785ms)
  ✓  791 e2e/sidebar-visual.spec.ts:43:3 › ⌘K chip is a bordered pill clear of the label (light) (908ms)
  ✓  793 e2e/shell-consistency.spec.ts:216:3 › theme default follows the system › no storage + system light boots light (726ms)
  ✓  792 e2e/skill-inject.spec.ts:17:1 › the injected-skills row names each skill with its hit reason (841ms)
  ✓  794 e2e/skills-page.spec.ts:14:1 › 技能页新建入口（topbar 新建钮）在位，fixture 行集照常渲染 (1.1s)
  ✓  795 e2e/sidebar-visual.spec.ts:84:3 › hover and selected pills share one geometry (light) (1.0s)
  ✓  796 e2e/shell-consistency.spec.ts:222:3 › theme default follows the system › no storage + system dark boots dark (874ms)
  ✓  798 e2e/skills-page.spec.ts:24:1 › 旧导入路由不可达——catch-all 重定向回 /app（#149 feedback 路由同律） (843ms)
  ✓  797 e2e/skill-inject.spec.ts:28:1 › a computed zero-hit run shows the no-skills placeholder, not absence (943ms)
  ✓  800 e2e/shell-consistency.spec.ts:228:3 › theme default follows the system › a stored theme beats the system scheme (953ms)
  ✓  802 e2e/skill-inject.spec.ts:35:1 › a run without an injection record grows no row (control zero-noise) (1.2s)
  ✓  801 e2e/skills-page.spec.ts:32:1 › 空态双入口——目录指引文案 + 新建技能主钮，无总管提示行 (1.3s)
  ✓  799 e2e/sidebar-visual.spec.ts:130:3 › selected pill deepens the hover step (light) (1.8s)
  ✓  803 e2e/skills-routing.spec.ts:17:1 › the durable summary row names reads and denials in two columns (786ms)
  ✓  806 e2e/sidebar-visual.spec.ts:43:3 › ⌘K chip is a bordered pill clear of the label (dark) (872ms)
  ✓  805 e2e/skills-page.spec.ts:67:1 › live 列表消费 GET /api/skills（server 换源后 wire 形状不变） (1.1s)
  ✓  807 e2e/skills-routing.spec.ts:25:1 › a run without skill events grows no summary row (control zero-noise) (1.5s)
  ✓  804 e2e/skills-write.spec.ts:112:1 › fixture 新建弹窗：字段集 + 提交闸 + accept 律提交即关 (1.7s)
  ✓  808 e2e/sidebar-visual.spec.ts:84:3 › hover and selected pills share one geometry (dark) (1.1s)
  ✓  810 e2e/spec-brief-card.spec.ts:97:1 › 1. spec 块级 markdown 渲染：标题/列表/围栏成元素，字面标记不泄漏 (1.2s)
  ✓  809 e2e/skills-page.spec.ts:105:1 › 回归 #486/#494：技能列表可由滚轮到达，且滚动条贴面板右缘 (2.2s)
  ✓  812 e2e/sidebar-visual.spec.ts:130:3 › selected pill deepens the hover step (dark) (2.0s)
  ✓  811 e2e/skills-write.spec.ts:135:1 › live 新建：201 后弹窗关、列表即现，frontmatter 由表单组装 (2.5s)
  ✓  813 e2e/spec-brief-card.spec.ts:109:1 › 2. 附件 token 行渲染成 chip：图片带缩略约束，文件带名字与端点链接 (1.5s)
  ✓  814 e2e/spec-flow.spec.ts:107:1 › 1. 简报卡住进滚动列：.chat-col 内可见，不再是 .detail-center 直接子节点 (1.3s)
  ✓  815 e2e/sidebar-visual.spec.ts:170:1 › machine-online dot keeps its absolute anchor (1.0s)
  ✓  816 e2e/skills-write.spec.ts:163:1 › live 新建撞同名 409：弹窗不关，错误行 headline + server 原文 detail (2.2s)
  ✓  817 e2e/spec-brief-card.spec.ts:121:1 › 3. 图片附件受缩略约束——不再以原尺寸裸图撑破页面 (1.9s)
  ✓  818 e2e/spec-flow.spec.ts:117:1 › 2. 简报卡随流滚走：滚到底出视口，滚到顶回列首 (1.9s)
  ✓  819 e2e/spinner-live.spec.ts:55:3 › streaming row loading indicator (scenario 26) › Atom mounts: stylesheet injected, shell + 3 tilted orbits, staggered 1800ms spin (1.5s)
  ✓  821 e2e/spec-brief-card.spec.ts:131:1 › 4. 简报卡配方 = 带框内容盒（1px 边线 / rounded-lg / surface-secondary 底） (985ms)
  ✓  820 e2e/skills-write.spec.ts:182:1 › live 编辑：行点击预填 frontmatter 拆分，PUT 后列表回读一致 (1.8s)
  ✓  823 e2e/spinner-live.spec.ts:104:3 › streaming row loading indicator (scenario 26) › root is a 16px square, shell a 16px circle, row keeps 20px (1.4s)
  ✓  822 e2e/spec-flow.spec.ts:135:1 › 3. 超长无断点行包进中栏：chat 横向 scrollWidth 等于 clientWidth (1.6s)
  ✓  826 e2e/spinner-live.spec.ts:136:3 › streaming row loading indicator (scenario 26) › root is aria-hidden and shell/ring strokes ride currentColor; label stays the cue (1.0s)
  ✓  824 e2e/spec-brief-card.spec.ts:158:1 › 4b. 宽屏下行宽吃 68ch cap（#470 的 60–75 字符带同律） (1.8s)
  ✓  825 e2e/skills-write.spec.ts:210:1 › live 编辑预填读 404：表单让位错误块，列表失效重取 (1.3s)
  ✓  827 e2e/storage-unavailable.spec.ts:76:1 › sandboxed iframe without allow-same-origin renders /app (no white screen) (1.8s)
  ✓  828 e2e/spinner-live.spec.ts:154:3 › streaming row loading indicator (scenario 26) › elapsed seconds ride tabular figures (935ms)
  ✓  830 e2e/skills-write.spec.ts:234:1 › 客户端预检：非法名与引号描述不发请求 (1.4s)
  ✓  829 e2e/spec-brief-card.spec.ts:176:1 › 5. 有 spec 的 live 任务不再显示「尚无描述」；空 spec 保留占位 (1.8s)
  ✓  832 e2e/spinner-live.spec.ts:161:3 › streaming row loading indicator (scenario 26) › prefers-reduced-motion freezes the spins with the static settle transform (1.3s)
  ✓  831 e2e/storage-unavailable.spec.ts:101:1 › sandboxed boot survives a persistence interaction (writes silently dropped) (2.0s)
  ✓  833 e2e/team-create-agent.spec.ts:28:1 › the 创建 Agent slot opens the dialog (1.2s)
  ✓  834 e2e/spec-brief-card.spec.ts:186:1 › 6. 有序列表序号与正文区分、与首行基线对齐、双位数不 jog 内容列 (#814 rework) (1.2s)
  ✓  835 e2e/spinner-live.spec.ts:186:3 › quiescent building gap (scenario spinner-quiescent) › one live row: spinning indicator + static 执行中... label, no seconds (1.1s)
  ✓  836 e2e/team-org-chart.spec.ts:38:1 › chart 组织图：每个成员 agent 渲染成一个节点 (1.4s)
  ✓  838 e2e/theme-toggle.spec.ts:27:1 › default dark: 深色 active; 浅色 click repaints instantly + persists (1.4s)
  ✓  840 e2e/team-org-chart.spec.ts:44:1 › chart 组织图：根节点是总管绑定的 agent (1.1s)
  ✓  839 e2e/thinking-row-truncate.spec.ts:169:1 › T1: 行是 flex，头像与文字列水平不重叠（改前：头像压在文字上） (2.1s)
  ✓  837 e2e/team-create-agent.spec.ts:36:1 › family law: X, Escape and backdrop dismiss; panel clicks do not (3.1s)
  ✓  842 e2e/team-org-chart.spec.ts:58:1 › chart 组织图：皇冠徽标只出现在根节点上 (1.2s)
  ✓  841 e2e/theme-toggle.spec.ts:42:1 › selection survives reload (2.5s)
  ✓  843 e2e/thinking-row-truncate.spec.ts:187:1 › T2: chat-text 有宽度上限与 min-w-0——robot 行 :419 同款工具类 (2.4s)
  ✓  844 e2e/team-create-agent.spec.ts:52:1 › empty name keeps 创建 disabled; typing lifts it; fixture submit closes (2.0s)
  ✓  845 e2e/team-org-chart.spec.ts:73:1 › chart 组织图：每个节点带服务商徽标与模型行 (1.2s)
  ✓  846 e2e/theme-toggle.spec.ts:59:1 › injected storage pins the initial segment (storage injection path) (1.1s)
  ✓  848 e2e/team-create-agent.spec.ts:62:1 › chart layout drops the grid 创建 Agent slot for the org chart (1.1s)
  ✓  850 e2e/theme-toggle.spec.ts:68:1 › clicking the active segment is a stable no-op (1.3s)
  ✓  847 e2e/thinking-row-truncate.spec.ts:200:1 › T3: 长预览真截断——字符切片之后 CSS 省略号接力，钮宽 ≤ 文字列宽 (1.8s)
  ✓  849 e2e/team-org-chart.spec.ts:86:1 › chart 组织图：创建 Agent 是子列末位的虚线节点卡 (1.7s)
  ✓  851 e2e/team-create-agent.spec.ts:75:1 › 配置服务商 SPA-navigates to the providers route, scenario rides along (1.7s)
  ✓  852 e2e/theme-toggle.spec.ts:82:1 › theme flip rides the transition suppression and drops it after the paint (1.6s)
  ✓  854 e2e/team-org-chart.spec.ts:109:1 › chart 组织图：根与子列之间有 44×1 横向连接线 (1.6s)
  ✓  853 e2e/thinking-row-truncate.spec.ts:228:1 › T4: 页面级零横向溢出；展开交互不被截断修法砸掉 (2.2s)
  ✓  855 e2e/title-band-clicks.spec.ts:39:3 › secondary back owns its hit area and navigates home — /app/team (922ms)
  ✓  856 e2e/theme-toggle.spec.ts:113:1 › icon + apple-touch-icon carry prefers-color-scheme variants that resolve (1.2s)
  ✓  857 e2e/team-org-chart.spec.ts:117:1 › chart 组织图：子列左缘括号连接件跨首末子节点中心 (1.2s)
  ✓  858 e2e/title-band-clicks.spec.ts:39:3 › secondary back owns its hit area and navigates home — /app/account (981ms)
  ✓  859 e2e/team-org-chart.spec.ts:134:1 › chart 组织图：零成员团队显示 暂无成员 且不渲染节点 (796ms)
  ✓  861 e2e/title-band-clicks.spec.ts:39:3 › secondary back owns its hit area and navigates home — /app/api-keys (801ms)
  ✓  862 e2e/team-org-chart.spec.ts:142:1 › chart 组织图：切回 grid 仍渲染网格卡与成员数 (932ms)
  ✓  864 e2e/title-band-clicks.spec.ts:47:1 › team right-slot action owns its hit area (设置 slot under the same band) (947ms)
  ✓  863 e2e/transcript-user-words.spec.ts:180:1 › 1. 任务原文只出现一次：描述区承担，气泡不再复述（套娃修复） (1.2s)
  ✓  866 e2e/title-band-clicks.spec.ts:67:3 › resources topbar actions own their hit areas, back navigates — /app/resources/skills (845ms)
  ✓  865 e2e/team-org-chart.spec.ts:150:1 › chart 组织图：布局选择刷新后持久 (1.4s)
  ✓  867 e2e/transcript-user-words.spec.ts:200:1 › 2. CONTINUE 续轮指令不冒名用户气泡 (1.3s)
  ✓  868 e2e/title-band-clicks.spec.ts:67:3 › resources topbar actions own their hit areas, back navigates — /app/resources/mcp-servers (1.5s)
  ✓  869 e2e/user-menu-nav.spec.ts:35:3 › 「帐号」row SPA-navigates to /app/account?scenario=01 (1.6s)
  ✓  870 e2e/transcript-user-words.spec.ts:207:1 › 3. 审核宣告行 = note 家族（与「发起了合并」同形），不是气泡 (1.2s)
  ✓  871 e2e/title-band-clicks.spec.ts:67:3 › resources topbar actions own their hit areas, back navigates — /app/resources/secrets (1.0s)
  ✓  872 e2e/user-menu-nav.spec.ts:35:3 › 「API 密钥」row SPA-navigates to /app/api-keys?scenario=01 (1.2s)
  ✓  873 e2e/transcript-user-words.spec.ts:217:1 › 4. 真实 steer 话语走 markdown：围栏成代码块，字面 ``` 不泄漏 (1.4s)
  ✓  874 e2e/title-band-clicks.spec.ts:67:3 › resources topbar actions own their hit areas, back navigates — /app/resources/machines (951ms)
  ✓  875 e2e/user-menu-nav.spec.ts:35:3 › 「MCP」row SPA-navigates to /app/resources/mcp-servers?scenario=01 (1.2s)
  ✓  876 e2e/transcript-user-words.spec.ts:227:1 › 5. 单段短消息气泡保持 24px 药丸高度（几何不漂移） (1.2s)
  ✓  877 e2e/title-band-clicks.spec.ts:67:3 › resources topbar actions own their hit areas, back navigates — /app/resources/providers (873ms)
  ✓  880 e2e/visual-polish.spec.ts:72:3 › board card rides the single-source edge ring + card-tier shadow (light) (904ms)
  ✓  879 e2e/transcript-user-words.spec.ts:239:1 › 6. taskline 不错挂：任务文本行退场后没有 #seq 行残留 (1.1s)
  ✓  878 e2e/user-menu-trigger.spec.ts:104:1 › expanded chip: click opens anchored above the chip, re-click closes (1.5s)
  ✓  881 e2e/visual-polish.spec.ts:91:3 › board column container rides the same edge ring + card-tier shadow (light) (679ms)
  ✓  882 e2e/z-ladder.spec.ts:48:3 › z ladder: active surfaces above the docked drawer (#688) › every probe point of the new-task panel hit-tests inside the panel (1.0s)
  ✓  884 e2e/visual-polish.spec.ts:108:3 › notify banner rides the same edge ring + card-tier shadow (light) (771ms)
  ✓  883 e2e/user-menu-trigger.spec.ts:123:1 › outside click and Esc close the open menu (1.4s)
  ✓  885 e2e/z-ladder.spec.ts:67:3 › z ladder: active surfaces above the docked drawer (#688) › the modal scrim covers the drawer while the dialog is open (998ms)
  ✓  886 e2e/visual-polish.spec.ts:127:3 › account popover rides the V2 shell border, keeps the overlay-plate hard shadow (light) (650ms)
  ✓  889 e2e/visual-polish.spec.ts:153:3 › sidebar shares the main-area surface, seam drawn in the divider token (light) (662ms)
  ✓  887 e2e/user-menu-trigger.spec.ts:138:1 › rail chip opens the same popover, unclipped by the 40px rail (1.3s)
  ✓  888 e2e/z-ladder.spec.ts:80:3 › z ladder: active surfaces above the docked drawer (#688) › the close button inside the drawer band receives the click (1.3s)
  ✓  890 e2e/visual-polish.spec.ts:182:3 › board grid lays out four even columns with no horizontal scroll (light) (700ms)
  ✓  893 e2e/visual-polish.spec.ts:72:3 › board card rides the single-source edge ring + card-tier shadow (dark) (900ms)
  ✓  892 e2e/z-ladder.spec.ts:90:3 › z ladder: active surfaces above the docked drawer (#688) › focus lands in the dialog and typing reaches it (1.0s)
  ✓  894 e2e/visual-polish.spec.ts:91:3 › board column container rides the same edge ring + card-tier shadow (dark) (638ms)
  ✓  895 e2e/visual-polish.spec.ts:108:3 › notify banner rides the same edge ring + card-tier shadow (dark) (562ms)
  ✓  891 e2e/user-menu-trigger.spec.ts:153:1 › #163 anchoring: bottom distance is viewport-invariant, the chip is never covered — both shapes (3.2s)
  ✓  896 e2e/visual-polish.spec.ts:127:3 › account popover rides the V2 shell border, keeps the overlay-plate hard shadow (dark) (701ms)
  ✓  898 e2e/visual-polish.spec.ts:153:3 › sidebar shares the main-area surface, seam drawn in the divider token (dark) (606ms)
  ✓  897 e2e/user-menu-trigger.spec.ts:187:1 › 外观 row works from the click-opened menu and the choice survives reopen (1.1s)
  ✓  899 e2e/visual-polish.spec.ts:182:3 › board grid lays out four even columns with no horizontal scroll (dark) (697ms)
  ✓  900 e2e/user-menu-trigger.spec.ts:209:1 › detail route: the trigger opens the menu over the confirm surface (920ms)
  ✓  901 e2e/visual-polish.spec.ts:221:1 › collapsed rail keeps the same drawn-seam treatment (#135 裁决 v2) (667ms)
  ✓  860 e2e/token-gate.spec.ts:133:1 › 鉴权开：首访落门页；错 token 停留不落盘；对 token 进 UI 且 SSE 带 ?token= (826ms)
  ✓  902 e2e/token-gate.spec.ts:174:1 › 鉴权开：陈旧坏 token 首访即落门页且坏值被清除 (653ms)
  ✓  903 e2e/token-gate.spec.ts:187:1 › 鉴权开：localStorage 已有好 token → 首访直达 UI 零门页 (522ms)
  ✓  904 e2e/token-gate.spec.ts:206:1 › 鉴权关：零门页零 token 附带，行为与现状一致 (546ms)
  ✓  905 e2e/token-gate.spec.ts:225:1 › #1048 门页指引：zh 面告诉令牌从哪来（变量名 / EnvironmentFile / 重启关闭） (611ms)
  ✓  906 e2e/token-gate.spec.ts:242:1 › #1048 门页指引：en 面同一事实不失真（变量名经字典模板插值） (769ms)

  906 passed (6.5m)
